PassengerId,Survived,Age,Fare,AgeCategory,Age_Category,FamilySize,IsMother,DeckSurvived,IsMale,WCG,Deck_A,Deck_B,Deck_C,Deck_D,Deck_E,Deck_F,Deck_G,Deck_Z,Pclass_1,Pclass_2,Pclass_3,Title_Lady,Title_Master,Title_Miss,Title_Mr,Title_Mrs,Title_Officer,Title_Sir,Fare_Category_very_low,Fare_Category_low,Fare_Category_high,Fare_Category_very_high,Embarked_C,Embarked_Q,Embarked_S,AgeState_Adult,AgeState_Child,RichOldLady,PoorOldMan
1,0,22.0,7.25,25,19-24,2,0,AGZ,1,0,0,0,0,0,0,0,0,1,0,0,1,0,0,0,1,0,0,0,1,0,0,0,0,0,1,1,0,0,0
2,1,38.0,71.2833,40,32-42,2,0,BCDEF,0,1,0,0,1,0,0,0,0,0,1,0,0,0,0,0,0,1,0,0,0,0,0,1,1,0,0,1,0,0,0
3,1,26.0,7.925,30,24-29,1,0,AGZ,0,1,0,0,0,0,0,0,0,1,0,0,1,0,0,1,0,0,0,0,0,1,0,0,0,0,1,1,0,0,0
4,1,35.0,53.1,35,32-42,2,0,BCDEF,0,1,0,0,1,0,0,0,0,0,1,0,0,0,0,0,0,1,0,0,0,0,0,1,0,0,1,1,0,0,0
5,0,35.0,8.05,35,32-42,1,0,AGZ,1,0,0,0,0,0,0,0,0,1,0,0,1,0,0,0,1,0,0,0,0,1,0,0,0,0,1,1,0,0,0
6,0,29.0,8.4583,30,24-29,1,0,AGZ,1,0,0,0,0,0,0,0,0,1,0,0,1,0,0,0,1,0,0,0,0,1,0,0,0,1,0,1,0,0,0
7,0,54.0,51.8625,55,42-92,1,0,BCDEF,1,0,0,0,0,0,1,0,0,0,1,0,0,0,0,0,1,0,0,0,0,0,0,1,0,0,1,1,0,0,0
8,0,2.0,21.075,5,0-19,5,0,AGZ,1,1,0,0,0,0,0,0,0,1,0,0,1,0,1,0,0,0,0,0,0,0,1,0,0,0,1,0,1,0,0
9,1,27.0,11.1333,30,24-29,3,1,AGZ,0,1,0,0,0,0,0,0,0,1,0,0,1,0,0,0,0,1,0,0,0,1,0,0,0,0,1,1,0,0,0
10,1,14.0,30.0708,15,0-19,2,0,AGZ,0,1,0,0,0,0,0,0,0,1,0,1,0,0,0,0,0,1,0,0,0,0,1,0,1,0,0,0,1,0,0
11,1,4.0,16.7,5,0-19,3,0,AGZ,0,1,0,0,0,0,0,0,1,0,0,0,1,0,0,1,0,0,0,0,0,0,1,0,0,0,1,0,1,0,0
12,1,58.0,26.55,60,42-92,1,0,BCDEF,0,1,0,0,1,0,0,0,0,0,1,0,0,0,0,1,0,0,0,0,0,0,1,0,0,0,1,1,0,0,0
13,0,20.0,8.05,20,19-24,1,0,AGZ,1,0,0,0,0,0,0,0,0,1,0,0,1,0,0,0,1,0,0,0,0,1,0,0,0,0,1,1,0,0,0
14,0,39.0,31.275,40,32-42,7,0,AGZ,1,0,0,0,0,0,0,0,0,1,0,0,1,0,0,0,1,0,0,0,0,0,1,0,0,0,1,1,0,0,0
15,0,14.0,7.8542,15,0-19,1,0,AGZ,0,1,0,0,0,0,0,0,0,1,0,0,1,0,0,1,0,0,0,0,1,0,0,0,0,0,1,0,1,0,0
16,1,55.0,16.0,55,42-92,1,0,AGZ,0,1,0,0,0,0,0,0,0,1,0,1,0,0,0,0,0,1,0,0,0,0,1,0,0,0,1,1,0,0,0
17,0,2.0,29.125,5,0-19,6,0,AGZ,1,1,0,0,0,0,0,0,0,1,0,0,1,0,1,0,0,0,0,0,0,0,1,0,0,1,0,0,1,0,0
18,1,29.0,13.0,30,24-29,1,0,AGZ,1,0,0,0,0,0,0,0,0,1,0,1,0,0,0,0,1,0,0,0,0,1,0,0,0,0,1,1,0,0,0
19,0,31.0,18.0,35,29-32,2,0,AGZ,0,1,0,0,0,0,0,0,0,1,0,0,1,0,0,0,0,1,0,0,0,0,1,0,0,0,1,1,0,0,0
20,1,35.0,7.225,35,32-42,1,0,AGZ,0,1,0,0,0,0,0,0,0,1,0,0,1,0,0,0,0,1,0,0,1,0,0,0,1,0,0,1,0,0,0
21,0,35.0,26.0,35,32-42,1,0,AGZ,1,0,0,0,0,0,0,0,0,1,0,1,0,0,0,0,1,0,0,0,0,0,1,0,0,0,1,1,0,0,0
22,1,34.0,13.0,35,32-42,1,0,BCDEF,1,0,0,0,0,1,0,0,0,0,0,1,0,0,0,0,1,0,0,0,0,1,0,0,0,0,1,1,0,0,0
23,1,15.0,8.0292,15,0-19,1,0,AGZ,0,1,0,0,0,0,0,0,0,1,0,0,1,0,0,1,0,0,0,0,0,1,0,0,0,1,0,0,1,0,0
24,1,28.0,35.5,30,24-29,1,0,AGZ,1,0,1,0,0,0,0,0,0,0,1,0,0,0,0,0,1,0,0,0,0,0,0,1,0,0,1,1,0,0,0
25,0,8.0,21.075,10,0-19,5,0,AGZ,0,1,0,0,0,0,0,0,0,1,0,0,1,0,0,1,0,0,0,0,0,0,1,0,0,0,1,0,1,0,0
26,1,38.0,31.3875,40,32-42,7,1,AGZ,0,1,0,0,0,0,0,0,0,1,0,0,1,0,0,0,0,1,0,0,0,0,0,1,0,0,1,1,0,0,0
27,0,29.0,7.225,30,24-29,1,0,AGZ,1,0,0,0,0,0,0,0,0,1,0,0,1,0,0,0,1,0,0,0,1,0,0,0,1,0,0,1,0,0,0
28,0,19.0,263.0,20,0-19,6,0,BCDEF,1,0,0,0,1,0,0,0,0,0,1,0,0,0,0,0,1,0,0,0,0,0,0,1,0,0,1,1,0,0,0
29,1,22.0,7.8792,25,19-24,1,0,AGZ,0,1,0,0,0,0,0,0,0,1,0,0,1,0,0,1,0,0,0,0,1,0,0,0,0,1,0,1,0,0,0
30,0,29.0,7.8958,30,24-29,1,0,AGZ,1,0,0,0,0,0,0,0,0,1,0,0,1,0,0,0,1,0,0,0,1,0,0,0,0,0,1,1,0,0,0
31,0,40.0,27.7208,40,32-42,1,0,AGZ,1,0,0,0,0,0,0,0,0,1,1,0,0,0,0,0,0,0,0,1,0,0,1,0,1,0,0,1,0,0,0
32,1,35.0,146.5208,35,32-42,2,0,BCDEF,0,1,0,1,0,0,0,0,0,0,1,0,0,0,0,0,0,1,0,0,0,0,0,1,1,0,0,1,0,0,0
33,1,22.0,7.75,25,19-24,1,0,AGZ,0,1,0,0,0,0,0,0,0,1,0,0,1,0,0,1,0,0,0,0,1,0,0,0,0,1,0,1,0,0,0
34,0,66.0,10.5,70,42-92,1,0,AGZ,1,0,0,0,0,0,0,0,0,1,0,1,0,0,0,0,1,0,0,0,0,1,0,0,0,0,1,1,0,0,0
35,0,28.0,82.1708,30,24-29,2,0,AGZ,1,0,0,0,0,0,0,0,0,1,1,0,0,0,0,0,1,0,0,0,0,0,0,1,1,0,0,1,0,0,0
36,0,42.0,52.0,45,32-42,2,0,AGZ,1,0,0,0,0,0,0,0,0,1,1,0,0,0,0,0,1,0,0,0,0,0,0,1,0,0,1,1,0,0,0
37,1,29.0,7.2292,30,24-29,1,0,AGZ,1,0,0,0,0,0,0,0,0,1,0,0,1,0,0,0,1,0,0,0,1,0,0,0,1,0,0,1,0,0,0
38,0,21.0,8.05,25,19-24,1,0,AGZ,1,0,0,0,0,0,0,0,0,1,0,0,1,0,0,0,1,0,0,0,0,1,0,0,0,0,1,1,0,0,0
39,0,18.0,18.0,20,0-19,3,0,AGZ,0,1,0,0,0,0,0,0,0,1,0,0,1,0,0,1,0,0,0,0,0,0,1,0,0,0,1,1,0,0,0
40,1,14.0,11.2417,15,0-19,2,0,AGZ,0,1,0,0,0,0,0,0,0,1,0,0,1,0,0,1,0,0,0,0,0,1,0,0,1,0,0,0,1,0,0
41,0,40.0,9.475,40,32-42,2,0,AGZ,0,1,0,0,0,0,0,0,0,1,0,0,1,0,0,0,0,1,0,0,0,1,0,0,0,0,1,1,0,0,0
42,0,27.0,21.0,30,24-29,2,0,AGZ,0,1,0,0,0,0,0,0,0,1,0,1,0,0,0,0,0,1,0,0,0,0,1,0,0,0,1,1,0,0,0
43,0,29.0,7.8958,30,24-29,1,0,AGZ,1,0,0,0,0,0,0,0,0,1,0,0,1,0,0,0,1,0,0,0,1,0,0,0,1,0,0,1,0,0,0
44,1,3.0,41.5792,5,0-19,4,0,AGZ,0,1,0,0,0,0,0,0,0,1,0,1,0,0,0,1,0,0,0,0,0,0,0,1,1,0,0,0,1,0,0
45,1,19.0,7.8792,20,0-19,1,0,AGZ,0,1,0,0,0,0,0,0,0,1,0,0,1,0,0,1,0,0,0,0,1,0,0,0,0,1,0,1,0,0,0
46,0,29.0,8.05,30,24-29,1,0,AGZ,1,0,0,0,0,0,0,0,0,1,0,0,1,0,0,0,1,0,0,0,0,1,0,0,0,0,1,1,0,0,0
47,0,29.0,15.5,30,24-29,2,0,AGZ,1,0,0,0,0,0,0,0,0,1,0,0,1,0,0,0,1,0,0,0,0,0,1,0,0,1,0,1,0,0,0
48,1,22.0,7.75,25,19-24,1,0,AGZ,0,1,0,0,0,0,0,0,0,1,0,0,1,0,0,1,0,0,0,0,1,0,0,0,0,1,0,1,0,0,0
49,0,29.0,21.6792,30,24-29,3,0,AGZ,1,0,0,0,0,0,0,0,0,1,0,0,1,0,0,0,1,0,0,0,0,0,1,0,1,0,0,1,0,0,0
50,0,18.0,17.8,20,0-19,2,0,AGZ,0,1,0,0,0,0,0,0,0,1,0,0,1,0,0,0,0,1,0,0,0,0,1,0,0,0,1,1,0,0,0
51,0,7.0,39.6875,10,0-19,6,0,AGZ,1,1,0,0,0,0,0,0,0,1,0,0,1,0,1,0,0,0,0,0,0,0,0,1,0,0,1,0,1,0,0
52,0,21.0,7.8,25,19-24,1,0,AGZ,1,0,0,0,0,0,0,0,0,1,0,0,1,0,0,0,1,0,0,0,1,0,0,0,0,0,1,1,0,0,0
53,1,49.0,76.7292,50,42-92,2,0,BCDEF,0,1,0,0,0,1,0,0,0,0,1,0,0,0,0,0,0,1,0,0,0,0,0,1,1,0,0,1,0,0,0
54,1,29.0,26.0,30,24-29,2,0,AGZ,0,1,0,0,0,0,0,0,0,1,0,1,0,0,0,0,0,1,0,0,0,0,1,0,0,0,1,1,0,0,0
55,0,65.0,61.9792,65,42-92,2,0,BCDEF,1,0,0,1,0,0,0,0,0,0,1,0,0,0,0,0,1,0,0,0,0,0,0,1,1,0,0,1,0,0,0
56,1,29.0,35.5,30,24-29,1,0,BCDEF,1,0,0,0,1,0,0,0,0,0,1,0,0,0,0,0,1,0,0,0,0,0,0,1,0,0,1,1,0,0,0
57,1,21.0,10.5,25,19-24,1,0,AGZ,0,1,0,0,0,0,0,0,0,1,0,1,0,0,0,1,0,0,0,0,0,1,0,0,0,0,1,1,0,0,0
58,0,28.5,7.2292,30,24-29,1,0,AGZ,1,0,0,0,0,0,0,0,0,1,0,0,1,0,0,0,1,0,0,0,1,0,0,0,1,0,0,1,0,0,0
59,1,5.0,27.75,5,0-19,4,0,AGZ,0,1,0,0,0,0,0,0,0,1,0,1,0,0,0,1,0,0,0,0,0,0,1,0,0,0,1,0,1,0,0
60,0,11.0,46.9,15,0-19,8,0,AGZ,1,1,0,0,0,0,0,0,0,1,0,0,1,0,1,0,0,0,0,0,0,0,0,1,0,0,1,0,1,0,0
61,0,22.0,7.2292,25,19-24,1,0,AGZ,1,0,0,0,0,0,0,0,0,1,0,0,1,0,0,0,1,0,0,0,1,0,0,0,1,0,0,1,0,0,0
62,1,38.0,80.0,40,32-42,1,0,BCDEF,0,1,0,1,0,0,0,0,0,0,1,0,0,0,0,1,0,0,0,0,0,0,0,1,1,0,0,1,0,0,0
63,0,45.0,83.475,45,42-92,2,0,BCDEF,1,0,0,0,1,0,0,0,0,0,1,0,0,0,0,0,1,0,0,0,0,0,0,1,0,0,1,1,0,0,0
64,0,4.0,27.9,5,0-19,6,0,AGZ,1,1,0,0,0,0,0,0,0,1,0,0,1,0,1,0,0,0,0,0,0,0,1,0,0,0,1,0,1,0,0
65,0,29.0,27.7208,30,24-29,1,0,AGZ,1,0,0,0,0,0,0,0,0,1,1,0,0,0,0,0,1,0,0,0,0,0,1,0,1,0,0,1,0,0,0
66,1,7.0,15.2458,10,0-19,3,0,AGZ,1,1,0,0,0,0,0,0,0,1,0,0,1,0,1,0,0,0,0,0,0,0,1,0,1,0,0,0,1,0,0
67,1,29.0,10.5,30,24-29,1,0,BCDEF,0,1,0,0,0,0,0,1,0,0,0,1,0,0,0,0,0,1,0,0,0,1,0,0,0,0,1,1,0,0,0
68,0,19.0,8.1583,20,0-19,1,0,AGZ,1,0,0,0,0,0,0,0,0,1,0,0,1,0,0,0,1,0,0,0,0,1,0,0,0,0,1,1,0,0,0
69,1,17.0,7.925,20,0-19,7,0,AGZ,0,1,0,0,0,0,0,0,0,1,0,0,1,0,0,1,0,0,0,0,0,1,0,0,0,0,1,0,1,0,0
70,0,26.0,8.6625,30,24-29,3,0,AGZ,1,0,0,0,0,0,0,0,0,1,0,0,1,0,0,0,1,0,0,0,0,1,0,0,0,0,1,1,0,0,0
71,0,32.0,10.5,35,29-32,1,0,AGZ,1,0,0,0,0,0,0,0,0,1,0,1,0,0,0,0,1,0,0,0,0,1,0,0,0,0,1,1,0,0,0
72,0,16.0,46.9,20,0-19,8,0,AGZ,0,1,0,0,0,0,0,0,0,1,0,0,1,0,0,1,0,0,0,0,0,0,0,1,0,0,1,0,1,0,0
73,0,21.0,73.5,25,19-24,1,0,AGZ,1,0,0,0,0,0,0,0,0,1,0,1,0,0,0,0,1,0,0,0,0,0,0,1,0,0,1,1,0,0,0
74,0,26.0,14.4542,30,24-29,2,0,AGZ,1,0,0,0,0,0,0,0,0,1,0,0,1,0,0,0,1,0,0,0,0,1,0,0,1,0,0,1,0,0,0
75,1,32.0,56.4958,35,29-32,1,0,AGZ,1,0,0,0,0,0,0,0,0,1,0,0,1,0,0,0,1,0,0,0,0,0,0,1,0,0,1,1,0,0,0
76,0,25.0,7.65,25,24-29,1,0,BCDEF,1,0,0,0,0,0,0,1,0,0,0,0,1,0,0,0,1,0,0,0,1,0,0,0,0,0,1,1,0,0,0
77,0,29.0,7.8958,30,24-29,1,0,AGZ,1,0,0,0,0,0,0,0,0,1,0,0,1,0,0,0,1,0,0,0,1,0,0,0,0,0,1,1,0,0,0
78,0,29.0,8.05,30,24-29,1,0,AGZ,1,0,0,0,0,0,0,0,0,1,0,0,1,0,0,0,1,0,0,0,0,1,0,0,0,0,1,1,0,0,0
79,1,83.0,29.0,85,42-92,3,0,AGZ,1,0,0,0,0,0,0,0,0,1,0,1,0,0,1,0,0,0,0,0,0,0,1,0,0,0,1,1,0,0,0
80,1,30.0,12.475,30,29-32,1,0,AGZ,0,1,0,0,0,0,0,0,0,1,0,0,1,0,0,1,0,0,0,0,0,1,0,0,0,0,1,1,0,0,0
81,0,22.0,9.0,25,19-24,1,0,AGZ,1,0,0,0,0,0,0,0,0,1,0,0,1,0,0,0,1,0,0,0,0,1,0,0,0,0,1,1,0,0,0
82,1,29.0,9.5,30,24-29,1,0,AGZ,1,0,0,0,0,0,0,0,0,1,0,0,1,0,0,0,1,0,0,0,0,1,0,0,0,0,1,1,0,0,0
83,1,22.0,7.7875,25,19-24,1,0,AGZ,0,1,0,0,0,0,0,0,0,1,0,0,1,0,0,1,0,0,0,0,1,0,0,0,0,1,0,1,0,0,0
84,0,28.0,47.1,30,24-29,1,0,AGZ,1,0,0,0,0,0,0,0,0,1,1,0,0,0,0,0,1,0,0,0,0,0,0,1,0,0,1,1,0,0,0
85,1,17.0,10.5,20,0-19,1,0,AGZ,0,1,0,0,0,0,0,0,0,1,0,1,0,0,0,1,0,0,0,0,0,1,0,0,0,0,1,0,1,0,0
86,1,33.0,15.85,35,32-42,4,0,AGZ,0,1,0,0,0,0,0,0,0,1,0,0,1,0,0,0,0,1,0,0,0,0,1,0,0,0,1,1,0,0,0
87,0,16.0,34.375,20,0-19,5,0,AGZ,1,1,0,0,0,0,0,0,0,1,0,0,1,0,0,0,1,0,0,0,0,0,0,1,0,0,1,0,1,0,0
88,0,29.0,8.05,30,24-29,1,0,AGZ,1,0,0,0,0,0,0,0,0,1,0,0,1,0,0,0,1,0,0,0,0,1,0,0,0,0,1,1,0,0,0
89,1,23.0,263.0,25,19-24,6,0,BCDEF,0,1,0,0,1,0,0,0,0,0,1,0,0,0,0,1,0,0,0,0,0,0,0,1,0,0,1,1,0,0,0
90,0,24.0,8.05,25,19-24,1,0,AGZ,1,0,0,0,0,0,0,0,0,1,0,0,1,0,0,0,1,0,0,0,0,1,0,0,0,0,1,1,0,0,0
91,0,29.0,8.05,30,24-29,1,0,AGZ,1,0,0,0,0,0,0,0,0,1,0,0,1,0,0,0,1,0,0,0,0,1,0,0,0,0,1,1,0,0,0
92,0,20.0,7.8542,20,19-24,1,0,AGZ,1,0,0,0,0,0,0,0,0,1,0,0,1,0,0,0,1,0,0,0,1,0,0,0,0,0,1,1,0,0,0
93,0,46.0,61.175,50,42-92,2,0,BCDEF,1,0,0,0,0,0,1,0,0,0,1,0,0,0,0,0,1,0,0,0,0,0,0,1,0,0,1,1,0,0,0
94,0,26.0,20.575,30,24-29,4,0,AGZ,1,0,0,0,0,0,0,0,0,1,0,0,1,0,0,0,1,0,0,0,0,0,1,0,0,0,1,1,0,0,0
95,0,59.0,7.25,60,42-92,1,0,AGZ,1,0,0,0,0,0,0,0,0,1,0,0,1,0,0,0,1,0,0,0,1,0,0,0,0,0,1,1,0,0,0
96,0,29.0,8.05,30,24-29,1,0,AGZ,1,0,0,0,0,0,0,0,0,1,0,0,1,0,0,0,1,0,0,0,0,1,0,0,0,0,1,1,0,0,0
97,0,71.0,34.6542,75,42-92,1,0,AGZ,1,0,1,0,0,0,0,0,0,0,1,0,0,0,0,0,1,0,0,0,0,0,0,1,1,0,0,1,0,0,0
98,1,23.0,63.3583,25,19-24,2,0,BCDEF,1,0,0,0,0,1,0,0,0,0,1,0,0,0,0,0,1,0,0,0,0,0,0,1,1,0,0,1,0,0,0
99,1,34.0,23.0,35,32-42,2,1,AGZ,0,1,0,0,0,0,0,0,0,1,0,1,0,0,0,0,0,1,0,0,0,0,1,0,0,0,1,1,0,0,0
100,0,34.0,26.0,35,32-42,2,0,AGZ,1,0,0,0,0,0,0,0,0,1,0,1,0,0,0,0,1,0,0,0,0,0,1,0,0,0,1,1,0,0,0
101,0,28.0,7.8958,30,24-29,1,0,AGZ,0,1,0,0,0,0,0,0,0,1,0,0,1,0,0,1,0,0,0,0,1,0,0,0,0,0,1,1,0,0,0
102,0,29.0,7.8958,30,24-29,1,0,AGZ,1,0,0,0,0,0,0,0,0,1,0,0,1,0,0,0,1,0,0,0,1,0,0,0,0,0,1,1,0,0,0
103,0,21.0,77.2875,25,19-24,2,0,BCDEF,1,0,0,0,0,1,0,0,0,0,1,0,0,0,0,0,1,0,0,0,0,0,0,1,0,0,1,1,0,0,0
104,0,33.0,8.6542,35,32-42,1,0,AGZ,1,0,0,0,0,0,0,0,0,1,0,0,1,0,0,0,1,0,0,0,0,1,0,0,0,0,1,1,0,0,0
105,0,37.0,7.925,40,32-42,3,0,AGZ,1,0,0,0,0,0,0,0,0,1,0,0,1,0,0,0,1,0,0,0,0,1,0,0,0,0,1,1,0,0,0
106,0,28.0,7.8958,30,24-29,1,0,AGZ,1,0,0,0,0,0,0,0,0,1,0,0,1,0,0,0,1,0,0,0,1,0,0,0,0,0,1,1,0,0,0
107,1,21.0,7.65,25,19-24,1,0,AGZ,0,1,0,0,0,0,0,0,0,1,0,0,1,0,0,1,0,0,0,0,1,0,0,0,0,0,1,1,0,0,0
108,1,29.0,7.775,30,24-29,1,0,AGZ,1,0,0,0,0,0,0,0,0,1,0,0,1,0,0,0,1,0,0,0,1,0,0,0,0,0,1,1,0,0,0
109,0,38.0,7.8958,40,32-42,1,0,AGZ,1,0,0,0,0,0,0,0,0,1,0,0,1,0,0,0,1,0,0,0,1,0,0,0,0,0,1,1,0,0,0
110,1,22.0,24.15,25,19-24,2,0,AGZ,0,1,0,0,0,0,0,0,0,1,0,0,1,0,0,1,0,0,0,0,0,0,1,0,0,1,0,1,0,0,0
111,0,47.0,52.0,50,42-92,1,0,BCDEF,1,0,0,0,1,0,0,0,0,0,1,0,0,0,0,0,1,0,0,0,0,0,0,1,0,0,1,1,0,0,0
112,0,14.5,14.4542,15,0-19,2,0,AGZ,0,1,0,0,0,0,0,0,0,1,0,0,1,0,0,1,0,0,0,0,0,1,0,0,1,0,0,0,1,0,0
113,0,22.0,8.05,25,19-24,1,0,AGZ,1,0,0,0,0,0,0,0,0,1,0,0,1,0,0,0,1,0,0,0,0,1,0,0,0,0,1,1,0,0,0
114,0,20.0,9.825,20,19-24,2,0,AGZ,0,1,0,0,0,0,0,0,0,1,0,0,1,0,0,1,0,0,0,0,0,1,0,0,0,0,1,1,0,0,0
115,0,17.0,14.4583,20,0-19,1,0,AGZ,0,1,0,0,0,0,0,0,0,1,0,0,1,0,0,1,0,0,0,0,0,0,1,0,1,0,0,0,1,0,0
116,0,21.0,7.925,25,19-24,1,0,AGZ,1,0,0,0,0,0,0,0,0,1,0,0,1,0,0,0,1,0,0,0,0,1,0,0,0,0,1,1,0,0,0
117,0,70.5,7.75,75,42-92,1,0,AGZ,1,0,0,0,0,0,0,0,0,1,0,0,1,0,0,0,1,0,0,0,1,0,0,0,0,1,0,1,0,0,1
118,0,29.0,21.0,30,24-29,2,0,AGZ,1,0,0,0,0,0,0,0,0,1,0,1,0,0,0,0,1,0,0,0,0,0,1,0,0,0,1,1,0,0,0
119,0,24.0,247.5208,25,19-24,2,0,BCDEF,1,0,0,1,0,0,0,0,0,0,1,0,0,0,0,0,1,0,0,0,0,0,0,1,1,0,0,1,0,0,0
120,0,2.0,31.275,5,0-19,7,0,AGZ,0,1,0,0,0,0,0,0,0,1,0,0,1,0,0,1,0,0,0,0,0,0,1,0,0,0,1,0,1,0,0
121,0,21.0,73.5,25,19-24,3,0,AGZ,1,0,0,0,0,0,0,0,0,1,0,1,0,0,0,0,1,0,0,0,0,0,0,1,0,0,1,1,0,0,0
122,0,29.0,8.05,30,24-29,1,0,AGZ,1,0,0,0,0,0,0,0,0,1,0,0,1,0,0,0,1,0,0,0,0,1,0,0,0,0,1,1,0,0,0
123,0,32.5,30.0708,35,32-42,2,0,AGZ,1,0,0,0,0,0,0,0,0,1,0,1,0,0,0,0,1,0,0,0,0,0,1,0,1,0,0,1,0,0,0
124,1,32.5,13.0,35,32-42,1,0,BCDEF,0,1,0,0,0,0,1,0,0,0,0,1,0,0,0,1,0,0,0,0,0,1,0,0,0,0,1,1,0,0,0
125,0,54.0,77.2875,55,42-92,2,0,BCDEF,1,0,0,0,0,1,0,0,0,0,1,0,0,0,0,0,1,0,0,0,0,0,0,1,0,0,1,1,0,0,0
126,1,12.0,11.2417,15,0-19,2,0,AGZ,1,1,0,0,0,0,0,0,0,1,0,0,1,0,1,0,0,0,0,0,0,1,0,0,1,0,0,0,1,0,0
127,0,29.0,7.75,30,24-29,1,0,AGZ,1,0,0,0,0,0,0,0,0,1,0,0,1,0,0,0,1,0,0,0,1,0,0,0,0,1,0,1,0,0,0
128,1,24.0,7.1417,25,19-24,1,0,AGZ,1,0,0,0,0,0,0,0,0,1,0,0,1,0,0,0,1,0,0,0,1,0,0,0,0,0,1,1,0,0,0
129,1,22.0,22.3583,25,19-24,3,0,BCDEF,0,1,0,0,0,0,0,1,0,0,0,0,1,0,0,1,0,0,0,0,0,0,1,0,1,0,0,1,0,0,0
130,0,45.0,6.975,45,42-92,1,0,AGZ,1,0,0,0,0,0,0,0,0,1,0,0,1,0,0,0,1,0,0,0,1,0,0,0,0,0,1,1,0,0,0
131,0,33.0,7.8958,35,32-42,1,0,AGZ,1,0,0,0,0,0,0,0,0,1,0,0,1,0,0,0,1,0,0,0,1,0,0,0,1,0,0,1,0,0,0
132,0,20.0,7.05,20,19-24,1,0,AGZ,1,0,0,0,0,0,0,0,0,1,0,0,1,0,0,0,1,0,0,0,1,0,0,0,0,0,1,1,0,0,0
133,0,47.0,14.5,50,42-92,2,0,AGZ,0,1,0,0,0,0,0,0,0,1,0,0,1,0,0,0,0,1,0,0,0,0,1,0,0,0,1,1,0,0,0
134,1,29.0,26.0,30,24-29,2,0,AGZ,0,1,0,0,0,0,0,0,0,1,0,1,0,0,0,0,0,1,0,0,0,0,1,0,0,0,1,1,0,0,0
135,0,25.0,13.0,25,24-29,1,0,AGZ,1,0,0,0,0,0,0,0,0,1,0,1,0,0,0,0,1,0,0,0,0,1,0,0,0,0,1,1,0,0,0
136,0,23.0,15.0458,25,19-24,1,0,AGZ,1,0,0,0,0,0,0,0,0,1,0,1,0,0,0,0,1,0,0,0,0,0,1,0,1,0,0,1,0,0,0
137,1,19.0,26.2833,20,0-19,3,0,BCDEF,0,1,0,0,0,1,0,0,0,0,1,0,0,0,0,1,0,0,0,0,0,0,1,0,0,0,1,1,0,0,0
138,0,37.0,53.1,40,32-42,2,0,BCDEF,1,0,0,0,1,0,0,0,0,0,1,0,0,0,0,0,1,0,0,0,0,0,0,1,0,0,1,1,0,0,0
139,0,16.0,9.2167,20,0-19,1,0,AGZ,1,1,0,0,0,0,0,0,0,1,0,0,1,0,0,0,1,0,0,0,0,1,0,0,0,0,1,0,1,0,0
140,0,24.0,79.2,25,19-24,1,0,BCDEF,1,0,0,1,0,0,0,0,0,0,1,0,0,0,0,0,1,0,0,0,0,0,0,1,1,0,0,1,0,0,0
141,0,35.0,15.2458,35,32-42,3,1,AGZ,0,1,0,0,0,0,0,0,0,1,0,0,1,0,0,0,0,1,0,0,0,0,1,0,1,0,0,1,0,0,0
142,1,22.0,7.75,25,19-24,1,0,AGZ,0,1,0,0,0,0,0,0,0,1,0,0,1,0,0,1,0,0,0,0,1,0,0,0,0,0,1,1,0,0,0
143,1,24.0,15.85,25,19-24,2,0,AGZ,0,1,0,0,0,0,0,0,0,1,0,0,1,0,0,0,0,1,0,0,0,0,1,0,0,0,1,1,0,0,0
144,0,19.0,6.75,20,0-19,1,0,AGZ,1,0,0,0,0,0,0,0,0,1,0,0,1,0,0,0,1,0,0,0,1,0,0,0,0,1,0,1,0,0,0
145,0,18.0,11.5,20,0-19,1,0,AGZ,1,0,0,0,0,0,0,0,0,1,0,1,0,0,0,0,1,0,0,0,0,1,0,0,0,0,1,1,0,0,0
146,0,19.0,36.75,20,0-19,3,0,AGZ,1,0,0,0,0,0,0,0,0,1,0,1,0,0,0,0,1,0,0,0,0,0,0,1,0,0,1,1,0,0,0
147,1,27.0,7.7958,30,24-29,1,0,AGZ,1,0,0,0,0,0,0,0,0,1,0,0,1,0,0,0,1,0,0,0,1,0,0,0,0,0,1,1,0,0,0
148,0,9.0,34.375,10,0-19,5,0,AGZ,0,1,0,0,0,0,0,0,0,1,0,0,1,0,0,1,0,0,0,0,0,0,0,1,0,0,1,0,1,0,0
149,0,36.5,26.0,40,32-42,3,0,BCDEF,1,0,0,0,0,0,0,1,0,0,0,1,0,0,0,0,1,0,0,0,0,0,1,0,0,0,1,1,0,0,0
150,0,42.0,13.0,45,32-42,1,0,AGZ,1,0,0,0,0,0,0,0,0,1,0,1,0,0,0,0,0,0,0,1,0,1,0,0,0,0,1,1,0,0,0
151,0,51.0,12.525,55,42-92,1,0,AGZ,1,0,0,0,0,0,0,0,0,1,0,1,0,0,0,0,0,0,0,1,0,1,0,0,0,0,1,1,0,0,0
152,1,22.0,66.6,25,19-24,2,0,BCDEF,0,1,0,0,1,0,0,0,0,0,1,0,0,0,0,0,0,1,0,0,0,0,0,1,0,0,1,1,0,0,0
153,0,55.5,8.05,60,42-92,1,0,AGZ,1,0,0,0,0,0,0,0,0,1,0,0,1,0,0,0,1,0,0,0,0,1,0,0,0,0,1,1,0,0,0
154,0,40.5,14.5,45,32-42,3,0,AGZ,1,0,0,0,0,0,0,0,0,1,0,0,1,0,0,0,1,0,0,0,0,0,1,0,0,0,1,1,0,0,0
155,0,29.0,7.3125,30,24-29,1,0,AGZ,1,0,0,0,0,0,0,0,0,1,0,0,1,0,0,0,1,0,0,0,1,0,0,0,0,0,1,1,0,0,0
156,0,51.0,61.3792,55,42-92,2,0,AGZ,1,0,0,0,0,0,0,0,0,1,1,0,0,0,0,0,1,0,0,0,0,0,0,1,1,0,0,1,0,0,0
157,1,16.0,7.7333,20,0-19,1,0,AGZ,0,1,0,0,0,0,0,0,0,1,0,0,1,0,0,1,0,0,0,0,1,0,0,0,0,1,0,0,1,0,0
158,0,30.0,8.05,30,29-32,1,0,AGZ,1,0,0,0,0,0,0,0,0,1,0,0,1,0,0,0,1,0,0,0,0,1,0,0,0,0,1,1,0,0,0
159,0,29.0,8.6625,30,24-29,1,0,AGZ,1,0,0,0,0,0,0,0,0,1,0,0,1,0,0,0,1,0,0,0,0,1,0,0,0,0,1,1,0,0,0
160,0,7.0,69.55,10,0-19,11,0,AGZ,1,1,0,0,0,0,0,0,0,1,0,0,1,0,1,0,0,0,0,0,0,0,0,1,0,0,1,0,1,0,0
161,0,44.0,16.1,45,42-92,2,0,AGZ,1,0,0,0,0,0,0,0,0,1,0,0,1,0,0,0,1,0,0,0,0,0,1,0,0,0,1,1,0,0,0
162,1,40.0,15.75,40,32-42,1,0,AGZ,0,1,0,0,0,0,0,0,0,1,0,1,0,0,0,0,0,1,0,0,0,0,1,0,0,0,1,1,0,0,0
163,0,26.0,7.775,30,24-29,1,0,AGZ,1,0,0,0,0,0,0,0,0,1,0,0,1,0,0,0,1,0,0,0,1,0,0,0,0,0,1,1,0,0,0
164,0,17.0,8.6625,20,0-19,1,0,AGZ,1,1,0,0,0,0,0,0,0,1,0,0,1,0,0,0,1,0,0,0,0,1,0,0,0,0,1,0,1,0,0
165,0,1.0,39.6875,5,0-19,6,0,AGZ,1,1,0,0,0,0,0,0,0,1,0,0,1,0,1,0,0,0,0,0,0,0,0,1,0,0,1,0,1,0,0
166,1,9.0,20.525,10,0-19,3,0,AGZ,1,1,0,0,0,0,0,0,0,1,0,0,1,0,1,0,0,0,0,0,0,0,1,0,0,0,1,0,1,0,0
167,1,35.0,55.0,35,32-42,2,1,BCDEF,0,1,0,0,0,0,1,0,0,0,1,0,0,0,0,0,0,1,0,0,0,0,0,1,0,0,1,1,0,0,0
168,0,45.0,27.9,45,42-92,6,1,AGZ,0,1,0,0,0,0,0,0,0,1,0,0,1,0,0,0,0,1,0,0,0,0,1,0,0,0,1,1,0,0,0
169,0,29.0,25.925,30,24-29,1,0,AGZ,1,0,0,0,0,0,0,0,0,1,1,0,0,0,0,0,1,0,0,0,0,0,1,0,0,0,1,1,0,0,0
170,0,28.0,56.4958,30,24-29,1,0,AGZ,1,0,0,0,0,0,0,0,0,1,0,0,1,0,0,0,1,0,0,0,0,0,0,1,0,0,1,1,0,0,0
171,0,61.0,33.5,65,42-92,1,0,BCDEF,1,0,0,1,0,0,0,0,0,0,1,0,0,0,0,0,1,0,0,0,0,0,0,1,0,0,1,1,0,0,0
172,0,4.0,29.125,5,0-19,6,0,AGZ,1,1,0,0,0,0,0,0,0,1,0,0,1,0,1,0,0,0,0,0,0,0,1,0,0,1,0,0,1,0,0
173,1,1.0,11.1333,5,0-19,3,0,AGZ,0,1,0,0,0,0,0,0,0,1,0,0,1,0,0,1,0,0,0,0,0,1,0,0,0,0,1,0,1,0,0
174,0,21.0,7.925,25,19-24,1,0,AGZ,1,0,0,0,0,0,0,0,0,1,0,0,1,0,0,0,1,0,0,0,0,1,0,0,0,0,1,1,0,0,0
175,0,56.0,30.6958,60,42-92,1,0,AGZ,1,0,1,0,0,0,0,0,0,0,1,0,0,0,0,0,1,0,0,0,0,0,1,0,1,0,0,1,0,0,0
176,0,18.0,7.8542,20,0-19,3,0,AGZ,1,0,0,0,0,0,0,0,0,1,0,0,1,0,0,0,1,0,0,0,1,0,0,0,0,0,1,1,0,0,0
177,0,7.0,25.4667,10,0-19,5,0,AGZ,1,1,0,0,0,0,0,0,0,1,0,0,1,0,1,0,0,0,0,0,0,0,1,0,0,0,1,0,1,0,0
178,0,50.0,28.7125,50,42-92,1,0,BCDEF,0,1,0,0,1,0,0,0,0,0,1,0,0,0,0,1,0,0,0,0,0,0,1,0,1,0,0,1,0,0,0
179,0,30.0,13.0,30,29-32,1,0,AGZ,1,0,0,0,0,0,0,0,0,1,0,1,0,0,0,0,1,0,0,0,0,1,0,0,0,0,1,1,0,0,0
180,0,36.0,0.0,40,32-42,1,0,AGZ,1,0,0,0,0,0,0,0,0,1,0,0,1,0,0,0,1,0,0,0,1,0,0,0,0,0,1,1,0,0,0
181,0,22.0,69.55,25,19-24,11,0,AGZ,0,1,0,0,0,0,0,0,0,1,0,0,1,0,0,1,0,0,0,0,0,0,0,1,0,0,1,1,0,0,0
182,0,29.0,15.05,30,24-29,1,0,AGZ,1,0,0,0,0,0,0,0,0,1,0,1,0,0,0,0,1,0,0,0,0,0,1,0,1,0,0,1,0,0,0
183,0,9.0,31.3875,10,0-19,7,0,AGZ,1,1,0,0,0,0,0,0,0,1,0,0,1,0,1,0,0,0,0,0,0,0,0,1,0,0,1,0,1,0,0
184,1,1.0,39.0,5,0-19,4,0,BCDEF,1,1,0,0,0,0,0,1,0,0,0,1,0,0,1,0,0,0,0,0,0,0,0,1,0,0,1,0,1,0,0
185,1,4.0,22.025,5,0-19,3,0,AGZ,0,1,0,0,0,0,0,0,0,1,0,0,1,0,0,1,0,0,0,0,0,0,1,0,0,0,1,0,1,0,0
186,0,29.0,50.0,30,24-29,1,0,AGZ,1,0,1,0,0,0,0,0,0,0,1,0,0,0,0,0,1,0,0,0,0,0,0,1,0,0,1,1,0,0,0
187,1,35.0,15.5,35,32-42,2,0,AGZ,0,1,0,0,0,0,0,0,0,1,0,0,1,0,0,0,0,1,0,0,0,0,1,0,0,1,0,1,0,0,0
188,1,45.0,26.55,45,42-92,1,0,AGZ,1,0,0,0,0,0,0,0,0,1,1,0,0,0,0,0,1,0,0,0,0,0,1,0,0,0,1,1,0,0,0
189,0,40.0,15.5,40,32-42,3,0,AGZ,1,0,0,0,0,0,0,0,0,1,0,0,1,0,0,0,1,0,0,0,0,0,1,0,0,1,0,1,0,0,0
190,0,36.0,7.8958,40,32-42,1,0,AGZ,1,0,0,0,0,0,0,0,0,1,0,0,1,0,0,0,1,0,0,0,1,0,0,0,0,0,1,1,0,0,0
191,1,32.0,13.0,35,29-32,1,0,AGZ,0,1,0,0,0,0,0,0,0,1,0,1,0,0,0,0,0,1,0,0,0,1,0,0,0,0,1,1,0,0,0
192,0,19.0,13.0,20,0-19,1,0,AGZ,1,0,0,0,0,0,0,0,0,1,0,1,0,0,0,0,1,0,0,0,0,1,0,0,0,0,1,1,0,0,0
193,1,19.0,7.8542,20,0-19,2,0,AGZ,0,1,0,0,0,0,0,0,0,1,0,0,1,0,0,1,0,0,0,0,1,0,0,0,0,0,1,1,0,0,0
194,1,3.0,26.0,5,0-19,3,0,BCDEF,1,1,0,0,0,0,0,1,0,0,0,1,0,0,1,0,0,0,0,0,0,0,1,0,0,0,1,0,1,0,0
195,1,44.0,27.7208,45,42-92,1,0,BCDEF,0,1,0,1,0,0,0,0,0,0,1,0,0,0,0,0,0,1,0,0,0,0,1,0,1,0,0,1,0,0,0
196,1,58.0,146.5208,60,42-92,1,0,BCDEF,0,1,0,1,0,0,0,0,0,0,1,0,0,0,0,1,0,0,0,0,0,0,0,1,1,0,0,1,0,0,0
197,0,29.0,7.75,30,24-29,1,0,AGZ,1,0,0,0,0,0,0,0,0,1,0,0,1,0,0,0,1,0,0,0,1,0,0,0,0,1,0,1,0,0,0
198,0,42.0,8.4042,45,32-42,2,0,AGZ,1,0,0,0,0,0,0,0,0,1,0,0,1,0,0,0,1,0,0,0,0,1,0,0,0,0,1,1,0,0,0
199,1,22.0,7.75,25,19-24,1,0,AGZ,0,1,0,0,0,0,0,0,0,1,0,0,1,0,0,1,0,0,0,0,1,0,0,0,0,1,0,1,0,0,0
200,0,24.0,13.0,25,19-24,1,0,AGZ,0,1,0,0,0,0,0,0,0,1,0,1,0,0,0,1,0,0,0,0,0,1,0,0,0,0,1,1,0,0,0
201,0,28.0,9.5,30,24-29,1,0,AGZ,1,0,0,0,0,0,0,0,0,1,0,0,1,0,0,0,1,0,0,0,0,1,0,0,0,0,1,1,0,0,0
202,0,29.0,69.55,30,24-29,11,0,AGZ,1,0,0,0,0,0,0,0,0,1,0,0,1,0,0,0,1,0,0,0,0,0,0,1,0,0,1,1,0,0,0
203,0,34.0,6.4958,35,32-42,1,0,AGZ,1,0,0,0,0,0,0,0,0,1,0,0,1,0,0,0,1,0,0,0,1,0,0,0,0,0,1,1,0,0,0
204,0,45.5,7.225,50,42-92,1,0,AGZ,1,0,0,0,0,0,0,0,0,1,0,0,1,0,0,0,1,0,0,0,1,0,0,0,1,0,0,1,0,0,0
205,1,18.0,8.05,20,0-19,1,0,AGZ,1,0,0,0,0,0,0,0,0,1,0,0,1,0,0,0,1,0,0,0,0,1,0,0,0,0,1,1,0,0,0
206,0,2.0,10.4625,5,0-19,2,0,AGZ,0,1,0,0,0,0,0,0,1,0,0,0,1,0,0,1,0,0,0,0,0,1,0,0,0,0,1,0,1,0,0
207,0,32.0,15.85,35,29-32,2,0,AGZ,1,0,0,0,0,0,0,0,0,1,0,0,1,0,0,0,1,0,0,0,0,0,1,0,0,0,1,1,0,0,0
208,1,26.0,18.7875,30,24-29,1,0,AGZ,1,0,0,0,0,0,0,0,0,1,0,0,1,0,0,0,1,0,0,0,0,0,1,0,1,0,0,1,0,0,0
209,1,16.0,7.75,20,0-19,1,0,AGZ,0,1,0,0,0,0,0,0,0,1,0,0,1,0,0,1,0,0,0,0,1,0,0,0,0,1,0,0,1,0,0
210,1,40.0,31.0,40,32-42,1,0,AGZ,1,0,1,0,0,0,0,0,0,0,1,0,0,0,0,0,1,0,0,0,0,0,1,0,1,0,0,1,0,0,0
211,0,24.0,7.05,25,19-24,1,0,AGZ,1,0,0,0,0,0,0,0,0,1,0,0,1,0,0,0,1,0,0,0,1,0,0,0,0,0,1,1,0,0,0
212,1,35.0,21.0,35,32-42,1,0,AGZ,0,1,0,0,0,0,0,0,0,1,0,1,0,0,0,1,0,0,0,0,0,0,1,0,0,0,1,1,0,0,0
213,0,22.0,7.25,25,19-24,1,0,AGZ,1,0,0,0,0,0,0,0,0,1,0,0,1,0,0,0,1,0,0,0,1,0,0,0,0,0,1,1,0,0,0
214,0,30.0,13.0,30,29-32,1,0,AGZ,1,0,0,0,0,0,0,0,0,1,0,1,0,0,0,0,1,0,0,0,0,1,0,0,0,0,1,1,0,0,0
215,0,29.0,7.75,30,24-29,2,0,AGZ,1,0,0,0,0,0,0,0,0,1,0,0,1,0,0,0,1,0,0,0,1,0,0,0,0,1,0,1,0,0,0
216,1,31.0,113.275,35,29-32,2,0,BCDEF,0,1,0,0,0,1,0,0,0,0,1,0,0,0,0,1,0,0,0,0,0,0,0,1,1,0,0,1,0,0,0
217,1,27.0,7.925,30,24-29,1,0,AGZ,0,1,0,0,0,0,0,0,0,1,0,0,1,0,0,1,0,0,0,0,0,1,0,0,0,0,1,1,0,0,0
218,0,42.0,27.0,45,32-42,2,0,AGZ,1,0,0,0,0,0,0,0,0,1,0,1,0,0,0,0,1,0,0,0,0,0,1,0,0,0,1,1,0,0,0
219,1,32.0,76.2917,35,29-32,1,0,BCDEF,0,1,0,0,0,1,0,0,0,0,1,0,0,0,0,1,0,0,0,0,0,0,0,1,1,0,0,1,0,0,0
220,0,30.0,10.5,30,29-32,1,0,AGZ,1,0,0,0,0,0,0,0,0,1,0,1,0,0,0,0,1,0,0,0,0,1,0,0,0,0,1,1,0,0,0
221,1,16.0,8.05,20,0-19,1,0,AGZ,1,1,0,0,0,0,0,0,0,1,0,0,1,0,0,0,1,0,0,0,0,1,0,0,0,0,1,0,1,0,0
222,0,27.0,13.0,30,24-29,1,0,AGZ,1,0,0,0,0,0,0,0,0,1,0,1,0,0,0,0,1,0,0,0,0,1,0,0,0,0,1,1,0,0,0
223,0,51.0,8.05,55,42-92,1,0,AGZ,1,0,0,0,0,0,0,0,0,1,0,0,1,0,0,0,1,0,0,0,0,1,0,0,0,0,1,1,0,0,0
224,0,29.0,7.8958,30,24-29,1,0,AGZ,1,0,0,0,0,0,0,0,0,1,0,0,1,0,0,0,1,0,0,0,1,0,0,0,0,0,1,1,0,0,0
225,1,38.0,90.0,40,32-42,2,0,BCDEF,1,0,0,0,1,0,0,0,0,0,1,0,0,0,0,0,1,0,0,0,0,0,0,1,0,0,1,1,0,0,0
226,0,22.0,9.35,25,19-24,1,0,AGZ,1,0,0,0,0,0,0,0,0,1,0,0,1,0,0,0,1,0,0,0,0,1,0,0,0,0,1,1,0,0,0
227,1,19.0,10.5,20,0-19,1,0,AGZ,1,0,0,0,0,0,0,0,0,1,0,1,0,0,0,0,1,0,0,0,0,1,0,0,0,0,1,1,0,0,0
228,0,20.5,7.25,25,19-24,1,0,AGZ,1,0,0,0,0,0,0,0,0,1,0,0,1,0,0,0,1,0,0,0,1,0,0,0,0,0,1,1,0,0,0
229,0,18.0,13.0,20,0-19,1,0,AGZ,1,0,0,0,0,0,0,0,0,1,0,1,0,0,0,0,1,0,0,0,0,1,0,0,0,0,1,1,0,0,0
230,0,22.0,25.4667,25,19-24,5,0,AGZ,0,1,0,0,0,0,0,0,0,1,0,0,1,0,0,1,0,0,0,0,0,0,1,0,0,0,1,1,0,0,0
231,1,35.0,83.475,35,32-42,2,0,BCDEF,0,1,0,0,1,0,0,0,0,0,1,0,0,0,0,0,0,1,0,0,0,0,0,1,0,0,1,1,0,0,0
232,0,29.0,7.775,30,24-29,1,0,AGZ,1,0,0,0,0,0,0,0,0,1,0,0,1,0,0,0,1,0,0,0,1,0,0,0,0,0,1,1,0,0,0
233,0,59.0,13.5,60,42-92,1,0,AGZ,1,0,0,0,0,0,0,0,0,1,0,1,0,0,0,0,1,0,0,0,0,1,0,0,0,0,1,1,0,0,0
234,1,5.0,31.3875,5,0-19,7,0,AGZ,0,1,0,0,0,0,0,0,0,1,0,0,1,0,0,1,0,0,0,0,0,0,0,1,0,0,1,0,1,0,0
235,0,24.0,10.5,25,19-24,1,0,AGZ,1,0,0,0,0,0,0,0,0,1,0,1,0,0,0,0,1,0,0,0,0,1,0,0,0,0,1,1,0,0,0
236,0,22.0,7.55,25,19-24,1,0,AGZ,0,1,0,0,0,0,0,0,0,1,0,0,1,0,0,1,0,0,0,0,1,0,0,0,0,0,1,1,0,0,0
237,0,44.0,26.0,45,42-92,2,0,AGZ,1,0,0,0,0,0,0,0,0,1,0,1,0,0,0,0,1,0,0,0,0,0,1,0,0,0,1,1,0,0,0
238,1,8.0,26.25,10,0-19,3,0,AGZ,0,1,0,0,0,0,0,0,0,1,0,1,0,0,0,1,0,0,0,0,0,0,1,0,0,0,1,0,1,0,0
239,0,19.0,10.5,20,0-19,1,0,AGZ,1,0,0,0,0,0,0,0,0,1,0,1,0,0,0,0,1,0,0,0,0,1,0,0,0,0,1,1,0,0,0
240,0,33.0,12.275,35,32-42,1,0,AGZ,1,0,0,0,0,0,0,0,0,1,0,1,0,0,0,0,1,0,0,0,0,1,0,0,0,0,1,1,0,0,0
241,0,22.0,14.4542,25,19-24,2,0,AGZ,0,1,0,0,0,0,0,0,0,1,0,0,1,0,0,1,0,0,0,0,0,1,0,0,1,0,0,1,0,0,0
242,1,22.0,15.5,25,19-24,2,0,AGZ,0,1,0,0,0,0,0,0,0,1,0,0,1,0,0,1,0,0,0,0,0,0,1,0,0,1,0,1,0,0,0
243,0,29.0,10.5,30,24-29,1,0,AGZ,1,0,0,0,0,0,0,0,0,1,0,1,0,0,0,0,1,0,0,0,0,1,0,0,0,0,1,1,0,0,0
244,0,22.0,7.125,25,19-24,1,0,AGZ,1,0,0,0,0,0,0,0,0,1,0,0,1,0,0,0,1,0,0,0,1,0,0,0,0,0,1,1,0,0,0
245,0,30.0,7.225,30,29-32,1,0,AGZ,1,0,0,0,0,0,0,0,0,1,0,0,1,0,0,0,1,0,0,0,1,0,0,0,1,0,0,1,0,0,0
246,0,44.0,90.0,45,42-92,3,0,BCDEF,1,0,0,0,1,0,0,0,0,0,1,0,0,0,0,0,0,0,1,0,0,0,0,1,0,1,0,1,0,0,0
247,0,25.0,7.775,25,24-29,1,0,AGZ,0,1,0,0,0,0,0,0,0,1,0,0,1,0,0,1,0,0,0,0,1,0,0,0,0,0,1,1,0,0,0
248,1,24.0,14.5,25,19-24,3,1,AGZ,0,1,0,0,0,0,0,0,0,1,0,1,0,0,0,0,0,1,0,0,0,0,1,0,0,0,1,1,0,0,0
249,1,37.0,52.5542,40,32-42,3,0,BCDEF,1,0,0,0,0,1,0,0,0,0,1,0,0,0,0,0,1,0,0,0,0,0,0,1,0,0,1,1,0,0,0
250,0,54.0,26.0,55,42-92,2,0,AGZ,1,0,0,0,0,0,0,0,0,1,0,1,0,0,0,0,0,0,0,1,0,0,1,0,0,0,1,1,0,0,0
251,0,29.0,7.25,30,24-29,1,0,AGZ,1,0,0,0,0,0,0,0,0,1,0,0,1,0,0,0,1,0,0,0,1,0,0,0,0,0,1,1,0,0,0
252,0,29.0,10.4625,30,24-29,3,1,AGZ,0,1,0,0,0,0,0,0,1,0,0,0,1,0,0,0,0,1,0,0,0,1,0,0,0,0,1,1,0,0,0
253,0,62.0,26.55,65,42-92,1,0,BCDEF,1,0,0,0,1,0,0,0,0,0,1,0,0,0,0,0,1,0,0,0,0,0,1,0,0,0,1,1,0,0,0
254,0,30.0,16.1,30,29-32,2,0,AGZ,1,0,0,0,0,0,0,0,0,1,0,0,1,0,0,0,1,0,0,0,0,0,1,0,0,0,1,1,0,0,0
255,0,41.0,20.2125,45,32-42,3,1,AGZ,0,1,0,0,0,0,0,0,0,1,0,0,1,0,0,0,0,1,0,0,0,0,1,0,0,0,1,1,0,0,0
256,1,29.0,15.2458,30,24-29,3,1,AGZ,0,1,0,0,0,0,0,0,0,1,0,0,1,0,0,0,0,1,0,0,0,0,1,0,1,0,0,1,0,0,0
257,1,35.0,79.2,35,32-42,1,0,AGZ,0,1,0,0,0,0,0,0,0,1,1,0,0,0,0,0,0,1,0,0,0,0,0,1,1,0,0,1,0,0,0
258,1,30.0,86.5,30,29-32,1,0,BCDEF,0,1,0,1,0,0,0,0,0,0,1,0,0,0,0,1,0,0,0,0,0,0,0,1,0,0,1,1,0,0,0
259,1,35.0,512.3292,35,32-42,1,0,AGZ,0,1,0,0,0,0,0,0,0,1,1,0,0,0,0,1,0,0,0,0,0,0,0,1,1,0,0,1,0,0,0
260,1,50.0,26.0,50,42-92,2,1,AGZ,0,1,0,0,0,0,0,0,0,1,0,1,0,0,0,0,0,1,0,0,0,0,1,0,0,0,1,1,0,0,0
261,0,29.0,7.75,30,24-29,1,0,AGZ,1,0,0,0,0,0,0,0,0,1,0,0,1,0,0,0,1,0,0,0,1,0,0,0,0,1,0,1,0,0,0
262,1,3.0,31.3875,5,0-19,7,0,AGZ,1,1,0,0,0,0,0,0,0,1,0,0,1,0,1,0,0,0,0,0,0,0,0,1,0,0,1,0,1,0,0
263,0,52.0,79.65,55,42-92,3,0,BCDEF,1,0,0,0,0,0,1,0,0,0,1,0,0,0,0,0,1,0,0,0,0,0,0,1,0,0,1,1,0,0,0
264,0,40.0,0.0,40,32-42,1,0,BCDEF,1,0,0,1,0,0,0,0,0,0,1,0,0,0,0,0,1,0,0,0,1,0,0,0,0,0,1,1,0,0,0
265,0,22.0,7.75,25,19-24,1,0,AGZ,0,1,0,0,0,0,0,0,0,1,0,0,1,0,0,1,0,0,0,0,1,0,0,0,0,1,0,1,0,0,0
266,0,36.0,10.5,40,32-42,1,0,AGZ,1,0,0,0,0,0,0,0,0,1,0,1,0,0,0,0,1,0,0,0,0,1,0,0,0,0,1,1,0,0,0
267,0,16.0,39.6875,20,0-19,6,0,AGZ,1,1,0,0,0,0,0,0,0,1,0,0,1,0,0,0,1,0,0,0,0,0,0,1,0,0,1,0,1,0,0
268,1,25.0,7.775,25,24-29,2,0,AGZ,1,0,0,0,0,0,0,0,0,1,0,0,1,0,0,0,1,0,0,0,1,0,0,0,0,0,1,1,0,0,0
269,1,58.0,153.4625,60,42-92,2,1,BCDEF,0,1,0,0,1,0,0,0,0,0,1,0,0,0,0,0,0,1,0,0,0,0,0,1,0,0,1,1,0,0,0
270,1,35.0,135.6333,35,32-42,1,0,BCDEF,0,1,0,0,1,0,0,0,0,0,1,0,0,0,0,1,0,0,0,0,0,0,0,1,0,0,1,1,0,0,0
271,0,29.0,31.0,30,24-29,1,0,AGZ,1,0,0,0,0,0,0,0,0,1,1,0,0,0,0,0,1,0,0,0,0,0,1,0,0,0,1,1,0,0,0
272,1,25.0,0.0,25,24-29,1,0,AGZ,1,0,0,0,0,0,0,0,0,1,0,0,1,0,0,0,1,0,0,0,1,0,0,0,0,0,1,1,0,0,0
273,1,41.0,19.5,45,32-42,2,1,AGZ,0,1,0,0,0,0,0,0,0,1,0,1,0,0,0,0,0,1,0,0,0,0,1,0,0,0,1,1,0,0,0
274,0,37.0,29.7,40,32-42,2,0,BCDEF,1,0,0,0,1,0,0,0,0,0,1,0,0,0,0,0,1,0,0,0,0,0,1,0,1,0,0,1,0,0,0
275,1,22.0,7.75,25,19-24,1,0,AGZ,0,1,0,0,0,0,0,0,0,1,0,0,1,0,0,1,0,0,0,0,1,0,0,0,0,1,0,1,0,0,0
276,1,63.0,77.9583,65,42-92,2,0,BCDEF,0,1,0,0,0,1,0,0,0,0,1,0,0,0,0,1,0,0,0,0,0,0,0,1,0,0,1,1,0,1,0
277,0,45.0,7.75,45,42-92,1,0,AGZ,0,1,0,0,0,0,0,0,0,1,0,0,1,0,0,1,0,0,0,0,1,0,0,0,0,0,1,1,0,0,0
278,0,29.0,0.0,30,24-29,1,0,AGZ,1,0,0,0,0,0,0,0,0,1,0,1,0,0,0,0,1,0,0,0,1,0,0,0,0,0,1,1,0,0,0
279,0,7.0,29.125,10,0-19,6,0,AGZ,1,1,0,0,0,0,0,0,0,1,0,0,1,0,1,0,0,0,0,0,0,0,1,0,0,1,0,0,1,0,0
280,1,35.0,20.25,35,32-42,3,1,AGZ,0,1,0,0,0,0,0,0,0,1,0,0,1,0,0,0,0,1,0,0,0,0,1,0,0,0,1,1,0,0,0
281,0,65.0,7.75,65,42-92,1,0,AGZ,1,0,0,0,0,0,0,0,0,1,0,0,1,0,0,0,1,0,0,0,1,0,0,0,0,1,0,1,0,0,1
282,0,28.0,7.8542,30,24-29,1,0,AGZ,1,0,0,0,0,0,0,0,0,1,0,0,1,0,0,0,1,0,0,0,1,0,0,0,0,0,1,1,0,0,0
283,0,16.0,9.5,20,0-19,1,0,AGZ,1,1,0,0,0,0,0,0,0,1,0,0,1,0,0,0,1,0,0,0,0,1,0,0,0,0,1,0,1,0,0
284,1,19.0,8.05,20,0-19,1,0,AGZ,1,0,0,0,0,0,0,0,0,1,0,0,1,0,0,0,1,0,0,0,0,1,0,0,0,0,1,1,0,0,0
285,0,29.0,26.0,30,24-29,1,0,AGZ,1,0,1,0,0,0,0,0,0,0,1,0,0,0,0,0,1,0,0,0,0,0,1,0,0,0,1,1,0,0,0
286,0,33.0,8.6625,35,32-42,1,0,AGZ,1,0,0,0,0,0,0,0,0,1,0,0,1,0,0,0,1,0,0,0,0,1,0,0,1,0,0,1,0,0,0
287,1,30.0,9.5,30,29-32,1,0,AGZ,1,0,0,0,0,0,0,0,0,1,0,0,1,0,0,0,1,0,0,0,0,1,0,0,0,0,1,1,0,0,0
288,0,22.0,7.8958,25,19-24,1,0,AGZ,1,0,0,0,0,0,0,0,0,1,0,0,1,0,0,0,1,0,0,0,1,0,0,0,0,0,1,1,0,0,0
289,1,42.0,13.0,45,32-42,1,0,AGZ,1,0,0,0,0,0,0,0,0,1,0,1,0,0,0,0,1,0,0,0,0,1,0,0,0,0,1,1,0,0,0
290,1,22.0,7.75,25,19-24,1,0,AGZ,0,1,0,0,0,0,0,0,0,1,0,0,1,0,0,1,0,0,0,0,1,0,0,0,0,1,0,1,0,0,0
291,1,26.0,78.85,30,24-29,1,0,AGZ,0,1,0,0,0,0,0,0,0,1,1,0,0,0,0,1,0,0,0,0,0,0,0,1,0,0,1,1,0,0,0
292,1,19.0,91.0792,20,0-19,2,0,BCDEF,0,1,0,1,0,0,0,0,0,0,1,0,0,0,0,0,0,1,0,0,0,0,0,1,1,0,0,1,0,0,0
293,0,36.0,12.875,40,32-42,1,0,BCDEF,1,0,0,0,0,1,0,0,0,0,0,1,0,0,0,0,1,0,0,0,0,1,0,0,1,0,0,1,0,0,0
294,0,24.0,8.85,25,19-24,1,0,AGZ,0,1,0,0,0,0,0,0,0,1,0,0,1,0,0,1,0,0,0,0,0,1,0,0,0,0,1,1,0,0,0
295,0,24.0,7.8958,25,19-24,1,0,AGZ,1,0,0,0,0,0,0,0,0,1,0,0,1,0,0,0,1,0,0,0,1,0,0,0,0,0,1,1,0,0,0
296,0,29.0,27.7208,30,24-29,1,0,AGZ,1,0,0,0,0,0,0,0,0,1,1,0,0,0,0,0,1,0,0,0,0,0,1,0,1,0,0,1,0,0,0
297,0,23.5,7.2292,25,19-24,1,0,AGZ,1,0,0,0,0,0,0,0,0,1,0,0,1,0,0,0,1,0,0,0,1,0,0,0,1,0,0,1,0,0,0
298,0,2.0,151.55,5,0-19,4,0,BCDEF,0,1,0,0,1,0,0,0,0,0,1,0,0,0,0,1,0,0,0,0,0,0,0,1,0,0,1,0,1,0,0
299,1,29.0,30.5,30,24-29,1,0,BCDEF,1,0,0,0,1,0,0,0,0,0,1,0,0,0,0,0,1,0,0,0,0,0,1,0,0,0,1,1,0,0,0
300,1,50.0,247.5208,50,42-92,2,1,BCDEF,0,1,0,1,0,0,0,0,0,0,1,0,0,0,0,0,0,1,0,0,0,0,0,1,1,0,0,1,0,0,0
301,1,22.0,7.75,25,19-24,1,0,AGZ,0,1,0,0,0,0,0,0,0,1,0,0,1,0,0,1,0,0,0,0,1,0,0,0,0,1,0,1,0,0,0
302,1,29.0,23.25,30,24-29,3,0,AGZ,1,0,0,0,0,0,0,0,0,1,0,0,1,0,0,0,1,0,0,0,0,0,1,0,0,1,0,1,0,0,0
303,0,19.0,0.0,20,0-19,1,0,AGZ,1,0,0,0,0,0,0,0,0,1,0,0,1,0,0,0,1,0,0,0,1,0,0,0,0,0,1,1,0,0,0
304,1,22.0,12.35,25,19-24,1,0,BCDEF,0,1,0,0,0,0,1,0,0,0,0,1,0,0,0,1,0,0,0,0,0,1,0,0,0,1,0,1,0,0,0
305,0,29.0,8.05,30,24-29,1,0,AGZ,1,0,0,0,0,0,0,0,0,1,0,0,1,0,0,0,1,0,0,0,0,1,0,0,0,0,1,1,0,0,0
306,1,92.0,151.55,95,42-92,4,0,BCDEF,1,0,0,0,1,0,0,0,0,0,1,0,0,0,1,0,0,0,0,0,0,0,0,1,0,0,1,1,0,0,0
307,1,22.0,110.8833,25,19-24,1,0,AGZ,0,1,0,0,0,0,0,0,0,1,1,0,0,0,0,1,0,0,0,0,0,0,0,1,1,0,0,1,0,0,0
308,1,17.0,108.9,20,0-19,2,0,BCDEF,0,1,0,0,1,0,0,0,0,0,1,0,0,0,0,0,0,1,0,0,0,0,0,1,1,0,0,0,1,0,0
309,0,30.0,24.0,30,29-32,2,0,AGZ,1,0,0,0,0,0,0,0,0,1,0,1,0,0,0,0,1,0,0,0,0,0,1,0,1,0,0,1,0,0,0
310,1,30.0,56.9292,30,29-32,1,0,BCDEF,0,1,0,0,0,0,1,0,0,0,1,0,0,0,0,1,0,0,0,0,0,0,0,1,1,0,0,1,0,0,0
311,1,24.0,83.1583,25,19-24,1,0,BCDEF,0,1,0,0,1,0,0,0,0,0,1,0,0,0,0,1,0,0,0,0,0,0,0,1,1,0,0,1,0,0,0
312,1,18.0,262.375,20,0-19,5,0,BCDEF,0,1,0,1,0,0,0,0,0,0,1,0,0,0,0,1,0,0,0,0,0,0,0,1,1,0,0,1,0,0,0
313,0,26.0,26.0,30,24-29,3,1,AGZ,0,1,0,0,0,0,0,0,0,1,0,1,0,0,0,0,0,1,0,0,0,0,1,0,0,0,1,1,0,0,0
314,0,28.0,7.8958,30,24-29,1,0,AGZ,1,0,0,0,0,0,0,0,0,1,0,0,1,0,0,0,1,0,0,0,1,0,0,0,0,0,1,1,0,0,0
315,0,43.0,26.25,45,42-92,3,0,AGZ,1,0,0,0,0,0,0,0,0,1,0,1,0,0,0,0,1,0,0,0,0,0,1,0,0,0,1,1,0,0,0
316,1,26.0,7.8542,30,24-29,1,0,AGZ,0,1,0,0,0,0,0,0,0,1,0,0,1,0,0,1,0,0,0,0,1,0,0,0,0,0,1,1,0,0,0
317,1,24.0,26.0,25,19-24,2,0,AGZ,0,1,0,0,0,0,0,0,0,1,0,1,0,0,0,0,0,1,0,0,0,0,1,0,0,0,1,1,0,0,0
318,0,54.0,14.0,55,42-92,1,0,AGZ,1,0,0,0,0,0,0,0,0,1,0,1,0,0,0,0,0,0,1,0,0,1,0,0,0,0,1,1,0,0,0
319,1,31.0,164.8667,35,29-32,3,0,BCDEF,0,1,0,0,1,0,0,0,0,0,1,0,0,0,0,1,0,0,0,0,0,0,0,1,0,0,1,1,0,0,0
320,1,40.0,134.5,40,32-42,3,1,BCDEF,0,1,0,0,0,0,1,0,0,0,1,0,0,0,0,0,0,1,0,0,0,0,0,1,1,0,0,1,0,0,0
321,0,22.0,7.25,25,19-24,1,0,AGZ,1,0,0,0,0,0,0,0,0,1,0,0,1,0,0,0,1,0,0,0,1,0,0,0,0,0,1,1,0,0,0
322,0,27.0,7.8958,30,24-29,1,0,AGZ,1,0,0,0,0,0,0,0,0,1,0,0,1,0,0,0,1,0,0,0,1,0,0,0,0,0,1,1,0,0,0
323,1,30.0,12.35,30,29-32,1,0,AGZ,0,1,0,0,0,0,0,0,0,1,0,1,0,0,0,1,0,0,0,0,0,1,0,0,0,1,0,1,0,0,0
324,1,22.0,29.0,25,19-24,3,1,AGZ,0,1,0,0,0,0,0,0,0,1,0,1,0,0,0,0,0,1,0,0,0,0,1,0,0,0,1,1,0,0,0
325,0,29.0,69.55,30,24-29,11,0,AGZ,1,0,0,0,0,0,0,0,0,1,0,0,1,0,0,0,1,0,0,0,0,0,0,1,0,0,1,1,0,0,0
326,1,36.0,135.6333,40,32-42,1,0,BCDEF,0,1,0,0,1,0,0,0,0,0,1,0,0,0,0,1,0,0,0,0,0,0,0,1,1,0,0,1,0,0,0
327,0,61.0,6.2375,65,42-92,1,0,AGZ,1,0,0,0,0,0,0,0,0,1,0,0,1,0,0,0,1,0,0,0,1,0,0,0,0,0,1,1,0,0,1
328,1,36.0,13.0,40,32-42,1,0,BCDEF,0,1,0,0,0,1,0,0,0,0,0,1,0,0,0,0,0,1,0,0,0,1,0,0,0,0,1,1,0,0,0
329,1,31.0,20.525,35,29-32,3,1,AGZ,0,1,0,0,0,0,0,0,0,1,0,0,1,0,0,0,0,1,0,0,0,0,1,0,0,0,1,1,0,0,0
330,1,16.0,57.9792,20,0-19,2,0,BCDEF,0,1,0,1,0,0,0,0,0,0,1,0,0,0,0,1,0,0,0,0,0,0,0,1,1,0,0,0,1,0,0
331,1,22.0,23.25,25,19-24,3,0,AGZ,0,1,0,0,0,0,0,0,0,1,0,0,1,0,0,1,0,0,0,0,0,0,1,0,0,1,0,1,0,0,0
332,0,45.5,28.5,50,42-92,1,0,BCDEF,1,0,0,0,1,0,0,0,0,0,1,0,0,0,0,0,1,0,0,0,0,0,1,0,0,0,1,1,0,0,0
333,0,38.0,153.4625,40,32-42,2,0,BCDEF,1,0,0,0,1,0,0,0,0,0,1,0,0,0,0,0,1,0,0,0,0,0,0,1,0,0,1,1,0,0,0
334,0,16.0,18.0,20,0-19,3,0,AGZ,1,1,0,0,0,0,0,0,0,1,0,0,1,0,0,0,1,0,0,0,0,0,1,0,0,0,1,0,1,0,0
335,1,35.0,133.65,35,32-42,2,0,AGZ,0,1,0,0,0,0,0,0,0,1,1,0,0,0,0,0,0,1,0,0,0,0,0,1,0,0,1,1,0,0,0
336,0,29.0,7.8958,30,24-29,1,0,AGZ,1,0,0,0,0,0,0,0,0,1,0,0,1,0,0,0,1,0,0,0,1,0,0,0,0,0,1,1,0,0,0
337,0,29.0,66.6,30,24-29,2,0,BCDEF,1,0,0,0,1,0,0,0,0,0,1,0,0,0,0,0,1,0,0,0,0,0,0,1,0,0,1,1,0,0,0
338,1,41.0,134.5,45,32-42,1,0,BCDEF,0,1,0,0,0,0,1,0,0,0,1,0,0,0,0,1,0,0,0,0,0,0,0,1,1,0,0,1,0,0,0
339,1,45.0,8.05,45,42-92,1,0,AGZ,1,0,0,0,0,0,0,0,0,1,0,0,1,0,0,0,1,0,0,0,0,1,0,0,0,0,1,1,0,0,0
340,0,45.0,35.5,45,42-92,1,0,AGZ,1,0,0,0,0,0,0,0,0,1,1,0,0,0,0,0,1,0,0,0,0,0,0,1,0,0,1,1,0,0,0
341,1,2.0,26.0,5,0-19,3,0,BCDEF,1,1,0,0,0,0,0,1,0,0,0,1,0,0,1,0,0,0,0,0,0,0,1,0,0,0,1,0,1,0,0
342,1,24.0,263.0,25,19-24,6,0,BCDEF,0,1,0,0,1,0,0,0,0,0,1,0,0,0,0,1,0,0,0,0,0,0,0,1,0,0,1,1,0,0,0
343,0,28.0,13.0,30,24-29,1,0,AGZ,1,0,0,0,0,0,0,0,0,1,0,1,0,0,0,0,1,0,0,0,0,1,0,0,0,0,1,1,0,0,0
344,0,25.0,13.0,25,24-29,1,0,AGZ,1,0,0,0,0,0,0,0,0,1,0,1,0,0,0,0,1,0,0,0,0,1,0,0,0,0,1,1,0,0,0
345,0,36.0,13.0,40,32-42,1,0,AGZ,1,0,0,0,0,0,0,0,0,1,0,1,0,0,0,0,1,0,0,0,0,1,0,0,0,0,1,1,0,0,0
346,1,24.0,13.0,25,19-24,1,0,BCDEF,0,1,0,0,0,0,0,1,0,0,0,1,0,0,0,1,0,0,0,0,0,1,0,0,0,0,1,1,0,0,0
347,1,40.0,13.0,40,32-42,1,0,AGZ,0,1,0,0,0,0,0,0,0,1,0,1,0,0,0,1,0,0,0,0,0,1,0,0,0,0,1,1,0,0,0
348,1,35.0,16.1,35,32-42,2,0,AGZ,0,1,0,0,0,0,0,0,0,1,0,0,1,0,0,0,0,1,0,0,0,0,1,0,0,0,1,1,0,0,0
349,1,3.0,15.9,5,0-19,3,0,AGZ,1,1,0,0,0,0,0,0,0,1,0,0,1,0,1,0,0,0,0,0,0,0,1,0,0,0,1,0,1,0,0
350,0,42.0,8.6625,45,32-42,1,0,AGZ,1,0,0,0,0,0,0,0,0,1,0,0,1,0,0,0,1,0,0,0,0,1,0,0,0,0,1,1,0,0,0
351,0,23.0,9.225,25,19-24,1,0,AGZ,1,0,0,0,0,0,0,0,0,1,0,0,1,0,0,0,1,0,0,0,0,1,0,0,0,0,1,1,0,0,0
352,0,29.0,35.0,30,24-29,1,0,BCDEF,1,0,0,0,1,0,0,0,0,0,1,0,0,0,0,0,1,0,0,0,0,0,0,1,0,0,1,1,0,0,0
353,0,15.0,7.2292,15,0-19,3,0,AGZ,1,1,0,0,0,0,0,0,0,1,0,0,1,0,0,0,1,0,0,0,1,0,0,0,1,0,0,0,1,0,0
354,0,25.0,17.8,25,24-29,2,0,AGZ,1,0,0,0,0,0,0,0,0,1,0,0,1,0,0,0,1,0,0,0,0,0,1,0,0,0,1,1,0,0,0
355,0,29.0,7.225,30,24-29,1,0,AGZ,1,0,0,0,0,0,0,0,0,1,0,0,1,0,0,0,1,0,0,0,1,0,0,0,1,0,0,1,0,0,0
356,0,28.0,9.5,30,24-29,1,0,AGZ,1,0,0,0,0,0,0,0,0,1,0,0,1,0,0,0,1,0,0,0,0,1,0,0,0,0,1,1,0,0,0
357,1,22.0,55.0,25,19-24,2,0,BCDEF,0,1,0,0,0,0,1,0,0,0,1,0,0,0,0,1,0,0,0,0,0,0,0,1,0,0,1,1,0,0,0
358,0,38.0,13.0,40,32-42,1,0,AGZ,0,1,0,0,0,0,0,0,0,1,0,1,0,0,0,1,0,0,0,0,0,1,0,0,0,0,1,1,0,0,0
359,1,22.0,7.8792,25,19-24,1,0,AGZ,0,1,0,0,0,0,0,0,0,1,0,0,1,0,0,1,0,0,0,0,1,0,0,0,0,1,0,1,0,0,0
360,1,22.0,7.8792,25,19-24,1,0,AGZ,0,1,0,0,0,0,0,0,0,1,0,0,1,0,0,1,0,0,0,0,1,0,0,0,0,1,0,1,0,0,0
361,0,40.0,27.9,40,32-42,6,0,AGZ,1,0,0,0,0,0,0,0,0,1,0,0,1,0,0,0,1,0,0,0,0,0,1,0,0,0,1,1,0,0,0
362,0,29.0,27.7208,30,24-29,2,0,AGZ,1,0,0,0,0,0,0,0,0,1,0,1,0,0,0,0,1,0,0,0,0,0,1,0,1,0,0,1,0,0,0
363,0,45.0,14.4542,45,42-92,2,1,AGZ,0,1,0,0,0,0,0,0,0,1,0,0,1,0,0,0,0,1,0,0,0,1,0,0,1,0,0,1,0,0,0
364,0,35.0,7.05,35,32-42,1,0,AGZ,1,0,0,0,0,0,0,0,0,1,0,0,1,0,0,0,1,0,0,0,1,0,0,0,0,0,1,1,0,0,0
365,0,29.0,15.5,30,24-29,2,0,AGZ,1,0,0,0,0,0,0,0,0,1,0,0,1,0,0,0,1,0,0,0,0,0,1,0,0,1,0,1,0,0,0
366,0,30.0,7.25,30,29-32,1,0,AGZ,1,0,0,0,0,0,0,0,0,1,0,0,1,0,0,0,1,0,0,0,1,0,0,0,0,0,1,1,0,0,0
367,1,60.0,75.25,60,42-92,2,0,BCDEF,0,1,0,0,0,1,0,0,0,0,1,0,0,0,0,0,0,1,0,0,0,0,0,1,1,0,0,1,0,0,0
368,1,35.0,7.2292,35,32-42,1,0,AGZ,0,1,0,0,0,0,0,0,0,1,0,0,1,0,0,0,0,1,0,0,1,0,0,0,1,0,0,1,0,0,0
369,1,22.0,7.75,25,19-24,1,0,AGZ,0,1,0,0,0,0,0,0,0,1,0,0,1,0,0,1,0,0,0,0,1,0,0,0,0,1,0,1,0,0,0
370,1,24.0,69.3,25,19-24,1,0,BCDEF,0,1,0,1,0,0,0,0,0,0,1,0,0,0,0,0,0,1,0,0,0,0,0,1,1,0,0,1,0,0,0
371,1,25.0,55.4417,25,24-29,2,0,BCDEF,1,0,0,0,0,0,1,0,0,0,1,0,0,0,0,0,1,0,0,0,0,0,0,1,1,0,0,1,0,0,0
372,0,18.0,6.4958,20,0-19,2,0,AGZ,1,0,0,0,0,0,0,0,0,1,0,0,1,0,0,0,1,0,0,0,1,0,0,0,0,0,1,1,0,0,0
373,0,19.0,8.05,20,0-19,1,0,AGZ,1,0,0,0,0,0,0,0,0,1,0,0,1,0,0,0,1,0,0,0,0,1,0,0,0,0,1,1,0,0,0
374,0,22.0,135.6333,25,19-24,1,0,AGZ,1,0,0,0,0,0,0,0,0,1,1,0,0,0,0,0,1,0,0,0,0,0,0,1,1,0,0,1,0,0,0
375,0,3.0,21.075,5,0-19,5,0,AGZ,0,1,0,0,0,0,0,0,0,1,0,0,1,0,0,1,0,0,0,0,0,0,1,0,0,0,1,0,1,0,0
376,1,35.0,82.1708,35,32-42,2,0,AGZ,0,1,0,0,0,0,0,0,0,1,1,0,0,0,0,0,0,1,0,0,0,0,0,1,1,0,0,1,0,0,0
377,1,22.0,7.25,25,19-24,1,0,AGZ,0,1,0,0,0,0,0,0,0,1,0,0,1,0,0,1,0,0,0,0,1,0,0,0,0,0,1,1,0,0,0
378,0,27.0,211.5,30,24-29,3,0,BCDEF,1,0,0,0,1,0,0,0,0,0,1,0,0,0,0,0,1,0,0,0,0,0,0,1,1,0,0,1,0,0,0
379,0,20.0,4.0125,20,19-24,1,0,AGZ,1,0,0,0,0,0,0,0,0,1,0,0,1,0,0,0,1,0,0,0,1,0,0,0,1,0,0,1,0,0,0
380,0,19.0,7.775,20,0-19,1,0,AGZ,1,0,0,0,0,0,0,0,0,1,0,0,1,0,0,0,1,0,0,0,1,0,0,0,0,0,1,1,0,0,0
381,1,42.0,227.525,45,32-42,1,0,AGZ,0,1,0,0,0,0,0,0,0,1,1,0,0,0,0,1,0,0,0,0,0,0,0,1,1,0,0,1,0,0,0
382,1,1.0,15.7417,5,0-19,3,0,AGZ,0,1,0,0,0,0,0,0,0,1,0,0,1,0,0,1,0,0,0,0,0,0,1,0,1,0,0,0,1,0,0
383,0,32.0,7.925,35,29-32,1,0,AGZ,1,0,0,0,0,0,0,0,0,1,0,0,1,0,0,0,1,0,0,0,0,1,0,0,0,0,1,1,0,0,0
384,1,35.0,52.0,35,32-42,2,0,AGZ,0,1,0,0,0,0,0,0,0,1,1,0,0,0,0,0,0,1,0,0,0,0,0,1,0,0,1,1,0,0,0
385,0,29.0,7.8958,30,24-29,1,0,AGZ,1,0,0,0,0,0,0,0,0,1,0,0,1,0,0,0,1,0,0,0,1,0,0,0,0,0,1,1,0,0,0
386,0,18.0,73.5,20,0-19,1,0,AGZ,1,0,0,0,0,0,0,0,0,1,0,1,0,0,0,0,1,0,0,0,0,0,0,1,0,0,1,1,0,0,0
387,0,1.0,46.9,5,0-19,8,0,AGZ,1,1,0,0,0,0,0,0,0,1,0,0,1,0,1,0,0,0,0,0,0,0,0,1,0,0,1,0,1,0,0
388,1,36.0,13.0,40,32-42,1,0,AGZ,0,1,0,0,0,0,0,0,0,1,0,1,0,0,0,1,0,0,0,0,0,1,0,0,0,0,1,1,0,0,0
389,0,29.0,7.7292,30,24-29,1,0,AGZ,1,0,0,0,0,0,0,0,0,1,0,0,1,0,0,0,1,0,0,0,1,0,0,0,0,1,0,1,0,0,0
390,1,17.0,12.0,20,0-19,1,0,AGZ,0,1,0,0,0,0,0,0,0,1,0,1,0,0,0,1,0,0,0,0,0,1,0,0,1,0,0,0,1,0,0
391,1,36.0,120.0,40,32-42,4,0,BCDEF,1,0,0,1,0,0,0,0,0,0,1,0,0,0,0,0,1,0,0,0,0,0,0,1,0,0,1,1,0,0,0
392,1,21.0,7.7958,25,19-24,1,0,AGZ,1,0,0,0,0,0,0,0,0,1,0,0,1,0,0,0,1,0,0,0,1,0,0,0,0,0,1,1,0,0,0
393,0,28.0,7.925,30,24-29,3,0,AGZ,1,0,0,0,0,0,0,0,0,1,0,0,1,0,0,0,1,0,0,0,0,1,0,0,0,0,1,1,0,0,0
394,1,23.0,113.275,25,19-24,2,0,BCDEF,0,1,0,0,0,1,0,0,0,0,1,0,0,0,0,1,0,0,0,0,0,0,0,1,1,0,0,1,0,0,0
395,1,24.0,16.7,25,19-24,3,1,AGZ,0,1,0,0,0,0,0,0,1,0,0,0,1,0,0,0,0,1,0,0,0,0,1,0,0,0,1,1,0,0,0
396,0,22.0,7.7958,25,19-24,1,0,AGZ,1,0,0,0,0,0,0,0,0,1,0,0,1,0,0,0,1,0,0,0,1,0,0,0,0,0,1,1,0,0,0
397,0,31.0,7.8542,35,29-32,1,0,AGZ,0,1,0,0,0,0,0,0,0,1,0,0,1,0,0,1,0,0,0,0,1,0,0,0,0,0,1,1,0,0,0
398,0,46.0,26.0,50,42-92,1,0,AGZ,1,0,0,0,0,0,0,0,0,1,0,1,0,0,0,0,1,0,0,0,0,0,1,0,0,0,1,1,0,0,0
399,0,23.0,10.5,25,19-24,1,0,AGZ,1,0,0,0,0,0,0,0,0,1,0,1,0,0,0,0,0,0,1,0,0,1,0,0,0,0,1,1,0,0,0
400,1,28.0,12.65,30,24-29,1,0,AGZ,0,1,0,0,0,0,0,0,0,1,0,1,0,0,0,0,0,1,0,0,0,1,0,0,0,0,1,1,0,0,0
401,1,39.0,7.925,40,32-42,1,0,AGZ,1,0,0,0,0,0,0,0,0,1,0,0,1,0,0,0,1,0,0,0,0,1,0,0,0,0,1,1,0,0,0
402,0,26.0,8.05,30,24-29,1,0,AGZ,1,0,0,0,0,0,0,0,0,1,0,0,1,0,0,0,1,0,0,0,0,1,0,0,0,0,1,1,0,0,0
403,0,21.0,9.825,25,19-24,2,0,AGZ,0,1,0,0,0,0,0,0,0,1,0,0,1,0,0,1,0,0,0,0,0,1,0,0,0,0,1,1,0,0,0
404,0,28.0,15.85,30,24-29,2,0,AGZ,1,0,0,0,0,0,0,0,0,1,0,0,1,0,0,0,1,0,0,0,0,0,1,0,0,0,1,1,0,0,0
405,0,20.0,8.6625,20,19-24,1,0,AGZ,0,1,0,0,0,0,0,0,0,1,0,0,1,0,0,1,0,0,0,0,0,1,0,0,0,0,1,1,0,0,0
406,0,34.0,21.0,35,32-42,2,0,AGZ,1,0,0,0,0,0,0,0,0,1,0,1,0,0,0,0,1,0,0,0,0,0,1,0,0,0,1,1,0,0,0
407,0,51.0,7.75,55,42-92,1,0,AGZ,1,0,0,0,0,0,0,0,0,1,0,0,1,0,0,0,1,0,0,0,1,0,0,0,0,0,1,1,0,0,0
408,1,3.0,18.75,5,0-19,3,0,AGZ,1,1,0,0,0,0,0,0,0,1,0,1,0,0,1,0,0,0,0,0,0,0,1,0,0,0,1,0,1,0,0
409,0,21.0,7.775,25,19-24,1,0,AGZ,1,0,0,0,0,0,0,0,0,1,0,0,1,0,0,0,1,0,0,0,1,0,0,0,0,0,1,1,0,0,0
410,0,22.0,25.4667,25,19-24,5,0,AGZ,0,1,0,0,0,0,0,0,0,1,0,0,1,0,0,1,0,0,0,0,0,0,1,0,0,0,1,1,0,0,0
411,0,29.0,7.8958,30,24-29,1,0,AGZ,1,0,0,0,0,0,0,0,0,1,0,0,1,0,0,0,1,0,0,0,1,0,0,0,0,0,1,1,0,0,0
412,0,29.0,6.8583,30,24-29,1,0,AGZ,1,0,0,0,0,0,0,0,0,1,0,0,1,0,0,0,1,0,0,0,1,0,0,0,0,1,0,1,0,0,0
413,1,33.0,90.0,35,32-42,2,0,BCDEF,0,1,0,0,1,0,0,0,0,0,1,0,0,0,0,1,0,0,0,0,0,0,0,1,0,1,0,1,0,0,0
414,0,29.0,0.0,30,24-29,1,0,AGZ,1,0,0,0,0,0,0,0,0,1,0,1,0,0,0,0,1,0,0,0,1,0,0,0,0,0,1,1,0,0,0
415,1,44.0,7.925,45,42-92,1,0,AGZ,1,0,0,0,0,0,0,0,0,1,0,0,1,0,0,0,1,0,0,0,0,1,0,0,0,0,1,1,0,0,0
416,0,35.0,8.05,35,32-42,1,0,AGZ,0,1,0,0,0,0,0,0,0,1,0,0,1,0,0,0,0,1,0,0,0,1,0,0,0,0,1,1,0,0,0
417,1,34.0,32.5,35,32-42,3,1,AGZ,0,1,0,0,0,0,0,0,0,1,0,1,0,0,0,0,0,1,0,0,0,0,0,1,0,0,1,1,0,0,0
418,1,18.0,13.0,20,0-19,3,0,AGZ,0,1,0,0,0,0,0,0,0,1,0,1,0,0,0,1,0,0,0,0,0,1,0,0,0,0,1,1,0,0,0
419,0,30.0,13.0,30,29-32,1,0,AGZ,1,0,0,0,0,0,0,0,0,1,0,1,0,0,0,0,1,0,0,0,0,1,0,0,0,0,1,1,0,0,0
420,0,10.0,24.15,10,0-19,3,0,AGZ,0,1,0,0,0,0,0,0,0,1,0,0,1,0,0,1,0,0,0,0,0,0,1,0,0,0,1,0,1,0,0
421,0,29.0,7.8958,30,24-29,1,0,AGZ,1,0,0,0,0,0,0,0,0,1,0,0,1,0,0,0,1,0,0,0,1,0,0,0,1,0,0,1,0,0,0
422,0,21.0,7.7333,25,19-24,1,0,AGZ,1,0,0,0,0,0,0,0,0,1,0,0,1,0,0,0,1,0,0,0,1,0,0,0,0,1,0,1,0,0,0
423,0,29.0,7.875,30,24-29,1,0,AGZ,1,0,0,0,0,0,0,0,0,1,0,0,1,0,0,0,1,0,0,0,1,0,0,0,0,0,1,1,0,0,0
424,0,28.0,14.4,30,24-29,3,1,AGZ,0,1,0,0,0,0,0,0,0,1,0,0,1,0,0,0,0,1,0,0,0,1,0,0,0,0,1,1,0,0,0
425,0,18.0,20.2125,20,0-19,3,0,AGZ,1,0,0,0,0,0,0,0,0,1,0,0,1,0,0,0,1,0,0,0,0,0,1,0,0,0,1,1,0,0,0
426,0,29.0,7.25,30,24-29,1,0,AGZ,1,0,0,0,0,0,0,0,0,1,0,0,1,0,0,0,1,0,0,0,1,0,0,0,0,0,1,1,0,0,0
427,1,28.0,26.0,30,24-29,2,0,AGZ,0,1,0,0,0,0,0,0,0,1,0,1,0,0,0,0,0,1,0,0,0,0,1,0,0,0,1,1,0,0,0
428,1,19.0,26.0,20,0-19,1,0,AGZ,0,1,0,0,0,0,0,0,0,1,0,1,0,0,0,1,0,0,0,0,0,0,1,0,0,0,1,1,0,0,0
429,0,29.0,7.75,30,24-29,1,0,AGZ,1,0,0,0,0,0,0,0,0,1,0,0,1,0,0,0,1,0,0,0,1,0,0,0,0,1,0,1,0,0,0
430,1,32.0,8.05,35,29-32,1,0,BCDEF,1,0,0,0,0,0,1,0,0,0,0,0,1,0,0,0,1,0,0,0,0,1,0,0,0,0,1,1,0,0,0
431,1,28.0,26.55,30,24-29,1,0,BCDEF,1,0,0,0,1,0,0,0,0,0,1,0,0,0,0,0,1,0,0,0,0,0,1,0,0,0,1,1,0,0,0
432,1,35.0,16.1,35,32-42,2,0,AGZ,0,1,0,0,0,0,0,0,0,1,0,0,1,0,0,0,0,1,0,0,0,0,1,0,0,0,1,1,0,0,0
433,1,42.0,26.0,45,32-42,2,0,AGZ,0,1,0,0,0,0,0,0,0,1,0,1,0,0,0,0,0,1,0,0,0,0,1,0,0,0,1,1,0,0,0
434,0,17.0,7.125,20,0-19,1,0,AGZ,1,1,0,0,0,0,0,0,0,1,0,0,1,0,0,0,1,0,0,0,1,0,0,0,0,0,1,0,1,0,0
435,0,50.0,55.9,50,42-92,2,0,BCDEF,1,0,0,0,0,0,1,0,0,0,1,0,0,0,0,0,1,0,0,0,0,0,0,1,0,0,1,1,0,0,0
436,1,14.0,120.0,15,0-19,4,0,BCDEF,0,1,0,1,0,0,0,0,0,0,1,0,0,0,0,1,0,0,0,0,0,0,0,1,0,0,1,0,1,0,0
437,0,21.0,34.375,25,19-24,5,0,AGZ,0,1,0,0,0,0,0,0,0,1,0,0,1,0,0,1,0,0,0,0,0,0,0,1,0,0,1,1,0,0,0
438,1,24.0,18.75,25,19-24,6,1,AGZ,0,1,0,0,0,0,0,0,0,1,0,1,0,0,0,0,0,1,0,0,0,0,1,0,0,0,1,1,0,0,0
439,0,64.0,263.0,65,42-92,6,0,BCDEF,1,0,0,0,1,0,0,0,0,0,1,0,0,0,0,0,1,0,0,0,0,0,0,1,0,0,1,1,0,0,0
440,0,31.0,10.5,35,29-32,1,0,AGZ,1,0,0,0,0,0,0,0,0,1,0,1,0,0,0,0,1,0,0,0,0,1,0,0,0,0,1,1,0,0,0
441,1,45.0,26.25,45,42-92,3,1,AGZ,0,1,0,0,0,0,0,0,0,1,0,1,0,0,0,0,0,1,0,0,0,0,1,0,0,0,1,1,0,0,0
442,0,20.0,9.5,20,19-24,1,0,AGZ,1,0,0,0,0,0,0,0,0,1,0,0,1,0,0,0,1,0,0,0,0,1,0,0,0,0,1,1,0,0,0
443,0,25.0,7.775,25,24-29,2,0,AGZ,1,0,0,0,0,0,0,0,0,1,0,0,1,0,0,0,1,0,0,0,1,0,0,0,0,0,1,1,0,0,0
444,1,28.0,13.0,30,24-29,1,0,AGZ,0,1,0,0,0,0,0,0,0,1,0,1,0,0,0,0,0,1,0,0,0,1,0,0,0,0,1,1,0,0,0
445,1,29.0,8.1125,30,24-29,1,0,AGZ,1,0,0,0,0,0,0,0,0,1,0,0,1,0,0,0,1,0,0,0,0,1,0,0,0,0,1,1,0,0,0
446,1,4.0,81.8583,5,0-19,3,0,AGZ,1,1,1,0,0,0,0,0,0,0,1,0,0,0,1,0,0,0,0,0,0,0,0,1,0,0,1,0,1,0,0
447,1,13.0,19.5,15,0-19,2,0,AGZ,0,1,0,0,0,0,0,0,0,1,0,1,0,0,0,1,0,0,0,0,0,0,1,0,0,0,1,0,1,0,0
448,1,34.0,26.55,35,32-42,1,0,AGZ,1,0,0,0,0,0,0,0,0,1,1,0,0,0,0,0,1,0,0,0,0,0,1,0,0,0,1,1,0,0,0
449,1,5.0,19.2583,5,0-19,4,0,AGZ,0,1,0,0,0,0,0,0,0,1,0,0,1,0,0,1,0,0,0,0,0,0,1,0,1,0,0,0,1,0,0
450,1,52.0,30.5,55,42-92,1,0,BCDEF,1,0,0,0,1,0,0,0,0,0,1,0,0,0,0,0,0,0,1,0,0,0,1,0,0,0,1,1,0,0,0
451,0,36.0,27.75,40,32-42,4,0,AGZ,1,0,0,0,0,0,0,0,0,1,0,1,0,0,0,0,1,0,0,0,0,0,1,0,0,0,1,1,0,0,0
452,0,29.0,19.9667,30,24-29,2,0,AGZ,1,0,0,0,0,0,0,0,0,1,0,0,1,0,0,0,1,0,0,0,0,0,1,0,0,0,1,1,0,0,0
453,0,30.0,27.75,30,29-32,1,0,BCDEF,1,0,0,0,1,0,0,0,0,0,1,0,0,0,0,0,1,0,0,0,0,0,1,0,1,0,0,1,0,0,0
454,1,49.0,89.1042,50,42-92,2,0,BCDEF,1,0,0,0,1,0,0,0,0,0,1,0,0,0,0,0,1,0,0,0,0,0,0,1,1,0,0,1,0,0,0
455,0,29.0,8.05,30,24-29,1,0,AGZ,1,0,0,0,0,0,0,0,0,1,0,0,1,0,0,0,1,0,0,0,0,1,0,0,0,0,1,1,0,0,0
456,1,29.0,7.8958,30,24-29,1,0,AGZ,1,0,0,0,0,0,0,0,0,1,0,0,1,0,0,0,1,0,0,0,1,0,0,0,1,0,0,1,0,0,0
457,0,65.0,26.55,65,42-92,1,0,BCDEF,1,0,0,0,0,0,1,0,0,0,1,0,0,0,0,0,1,0,0,0,0,0,1,0,0,0,1,1,0,0,0
458,1,35.0,51.8625,35,32-42,2,0,BCDEF,0,1,0,0,0,1,0,0,0,0,1,0,0,0,0,0,0,1,0,0,0,0,0,1,0,0,1,1,0,0,0
459,1,50.0,10.5,50,42-92,1,0,AGZ,0,1,0,0,0,0,0,0,0,1,0,1,0,0,0,1,0,0,0,0,0,1,0,0,0,0,1,1,0,0,0
460,0,29.0,7.75,30,24-29,1,0,AGZ,1,0,0,0,0,0,0,0,0,1,0,0,1,0,0,0,1,0,0,0,1,0,0,0,0,1,0,1,0,0,0
461,1,48.0,26.55,50,42-92,1,0,BCDEF,1,0,0,0,0,0,1,0,0,0,1,0,0,0,0,0,1,0,0,0,0,0,1,0,0,0,1,1,0,0,0
462,0,34.0,8.05,35,32-42,1,0,AGZ,1,0,0,0,0,0,0,0,0,1,0,0,1,0,0,0,1,0,0,0,0,1,0,0,0,0,1,1,0,0,0
463,0,47.0,38.5,50,42-92,1,0,BCDEF,1,0,0,0,0,0,1,0,0,0,1,0,0,0,0,0,1,0,0,0,0,0,0,1,0,0,1,1,0,0,0
464,0,48.0,13.0,50,42-92,1,0,AGZ,1,0,0,0,0,0,0,0,0,1,0,1,0,0,0,0,1,0,0,0,0,1,0,0,0,0,1,1,0,0,0
465,0,29.0,8.05,30,24-29,1,0,AGZ,1,0,0,0,0,0,0,0,0,1,0,0,1,0,0,0,1,0,0,0,0,1,0,0,0,0,1,1,0,0,0
466,0,38.0,7.05,40,32-42,1,0,AGZ,1,0,0,0,0,0,0,0,0,1,0,0,1,0,0,0,1,0,0,0,1,0,0,0,0,0,1,1,0,0,0
467,0,29.0,0.0,30,24-29,1,0,AGZ,1,0,0,0,0,0,0,0,0,1,0,1,0,0,0,0,1,0,0,0,1,0,0,0,0,0,1,1,0,0,0
468,0,56.0,26.55,60,42-92,1,0,AGZ,1,0,0,0,0,0,0,0,0,1,1,0,0,0,0,0,1,0,0,0,0,0,1,0,0,0,1,1,0,0,0
469,0,29.0,7.725,30,24-29,1,0,AGZ,1,0,0,0,0,0,0,0,0,1,0,0,1,0,0,0,1,0,0,0,1,0,0,0,0,1,0,1,0,0,0
470,1,75.0,19.2583,75,42-92,4,0,AGZ,0,1,0,0,0,0,0,0,0,1,0,0,1,0,0,1,0,0,0,0,0,0,1,0,1,0,0,1,0,0,0
471,0,29.0,7.25,30,24-29,1,0,AGZ,1,0,0,0,0,0,0,0,0,1,0,0,1,0,0,0,1,0,0,0,1,0,0,0,0,0,1,1,0,0,0
472,0,38.0,8.6625,40,32-42,1,0,AGZ,1,0,0,0,0,0,0,0,0,1,0,0,1,0,0,0,1,0,0,0,0,1,0,0,0,0,1,1,0,0,0
473,1,33.0,27.75,35,32-42,4,1,AGZ,0,1,0,0,0,0,0,0,0,1,0,1,0,0,0,0,0,1,0,0,0,0,1,0,0,0,1,1,0,0,0
474,1,23.0,13.7917,25,19-24,1,0,BCDEF,0,1,0,0,0,1,0,0,0,0,0,1,0,0,0,0,0,1,0,0,0,1,0,0,1,0,0,1,0,0,0
475,0,22.0,9.8375,25,19-24,1,0,AGZ,0,1,0,0,0,0,0,0,0,1,0,0,1,0,0,1,0,0,0,0,0,1,0,0,0,0,1,1,0,0,0
476,0,29.0,52.0,30,24-29,1,0,AGZ,1,0,1,0,0,0,0,0,0,0,1,0,0,0,0,0,1,0,0,0,0,0,0,1,0,0,1,1,0,0,0
477,0,34.0,21.0,35,32-42,2,0,AGZ,1,0,0,0,0,0,0,0,0,1,0,1,0,0,0,0,1,0,0,0,0,0,1,0,0,0,1,1,0,0,0
478,0,29.0,7.0458,30,24-29,2,0,AGZ,1,0,0,0,0,0,0,0,0,1,0,0,1,0,0,0,1,0,0,0,1,0,0,0,0,0,1,1,0,0,0
479,0,22.0,7.5208,25,19-24,1,0,AGZ,1,0,0,0,0,0,0,0,0,1,0,0,1,0,0,0,1,0,0,0,1,0,0,0,0,0,1,1,0,0,0
480,1,2.0,12.2875,5,0-19,2,0,AGZ,0,1,0,0,0,0,0,0,0,1,0,0,1,0,0,1,0,0,0,0,0,1,0,0,0,0,1,0,1,0,0
481,0,9.0,46.9,10,0-19,8,0,AGZ,1,1,0,0,0,0,0,0,0,1,0,0,1,0,1,0,0,0,0,0,0,0,0,1,0,0,1,0,1,0,0
482,0,29.0,0.0,30,24-29,1,0,AGZ,1,0,0,0,0,0,0,0,0,1,0,1,0,0,0,0,1,0,0,0,1,0,0,0,0,0,1,1,0,0,0
483,0,50.0,8.05,50,42-92,1,0,AGZ,1,0,0,0,0,0,0,0,0,1,0,0,1,0,0,0,1,0,0,0,0,1,0,0,0,0,1,1,0,0,0
484,1,63.0,9.5875,65,42-92,1,0,AGZ,0,1,0,0,0,0,0,0,0,1,0,0,1,0,0,0,0,1,0,0,0,1,0,0,0,0,1,1,0,0,0
485,1,25.0,91.0792,25,24-29,2,0,BCDEF,1,0,0,1,0,0,0,0,0,0,1,0,0,0,0,0,1,0,0,0,0,0,0,1,1,0,0,1,0,0,0
486,0,22.0,25.4667,25,19-24,5,0,AGZ,0,1,0,0,0,0,0,0,0,1,0,0,1,0,0,1,0,0,0,0,0,0,1,0,0,0,1,1,0,0,0
487,1,35.0,90.0,35,32-42,2,0,BCDEF,0,1,0,0,1,0,0,0,0,0,1,0,0,0,0,0,0,1,0,0,0,0,0,1,0,0,1,1,0,0,0
488,0,58.0,29.7,60,42-92,1,0,BCDEF,1,0,0,1,0,0,0,0,0,0,1,0,0,0,0,0,1,0,0,0,0,0,1,0,1,0,0,1,0,0,0
489,0,30.0,8.05,30,29-32,1,0,AGZ,1,0,0,0,0,0,0,0,0,1,0,0,1,0,0,0,1,0,0,0,0,1,0,0,0,0,1,1,0,0,0
490,1,9.0,15.9,10,0-19,3,0,AGZ,1,1,0,0,0,0,0,0,0,1,0,0,1,0,1,0,0,0,0,0,0,0,1,0,0,0,1,0,1,0,0
491,0,29.0,19.9667,30,24-29,2,0,AGZ,1,0,0,0,0,0,0,0,0,1,0,0,1,0,0,0,1,0,0,0,0,0,1,0,0,0,1,1,0,0,0
492,0,21.0,7.25,25,19-24,1,0,AGZ,1,0,0,0,0,0,0,0,0,1,0,0,1,0,0,0,1,0,0,0,1,0,0,0,0,0,1,1,0,0,0
493,0,55.0,30.5,55,42-92,1,0,BCDEF,1,0,0,0,1,0,0,0,0,0,1,0,0,0,0,0,1,0,0,0,0,0,1,0,0,0,1,1,0,0,0
494,0,71.0,49.5042,75,42-92,1,0,AGZ,1,0,0,0,0,0,0,0,0,1,1,0,0,0,0,0,1,0,0,0,0,0,0,1,1,0,0,1,0,0,0
495,0,21.0,8.05,25,19-24,1,0,AGZ,1,0,0,0,0,0,0,0,0,1,0,0,1,0,0,0,1,0,0,0,0,1,0,0,0,0,1,1,0,0,0
496,0,29.0,14.4583,30,24-29,1,0,AGZ,1,0,0,0,0,0,0,0,0,1,0,0,1,0,0,0,1,0,0,0,0,0,1,0,1,0,0,1,0,0,0
497,1,54.0,78.2667,55,42-92,2,0,BCDEF,0,1,0,0,0,1,0,0,0,0,1,0,0,0,0,1,0,0,0,0,0,0,0,1,1,0,0,1,0,0,0
498,0,29.0,15.1,30,24-29,1,0,AGZ,1,0,0,0,0,0,0,0,0,1,0,0,1,0,0,0,1,0,0,0,0,0,1,0,0,0,1,1,0,0,0
499,0,25.0,151.55,25,24-29,4,1,BCDEF,0,1,0,0,1,0,0,0,0,0,1,0,0,0,0,0,0,1,0,0,0,0,0,1,0,0,1,1,0,0,0
500,0,24.0,7.7958,25,19-24,1,0,AGZ,1,0,0,0,0,0,0,0,0,1,0,0,1,0,0,0,1,0,0,0,1,0,0,0,0,0,1,1,0,0,0
501,0,17.0,8.6625,20,0-19,1,0,AGZ,1,1,0,0,0,0,0,0,0,1,0,0,1,0,0,0,1,0,0,0,0,1,0,0,0,0,1,0,1,0,0
502,0,21.0,7.75,25,19-24,1,0,AGZ,0,1,0,0,0,0,0,0,0,1,0,0,1,0,0,1,0,0,0,0,1,0,0,0,0,1,0,1,0,0,0
503,0,22.0,7.6292,25,19-24,1,0,AGZ,0,1,0,0,0,0,0,0,0,1,0,0,1,0,0,1,0,0,0,0,1,0,0,0,0,1,0,1,0,0,0
504,0,37.0,9.5875,40,32-42,1,0,AGZ,0,1,0,0,0,0,0,0,0,1,0,0,1,0,0,1,0,0,0,0,0,1,0,0,0,0,1,1,0,0,0
505,1,16.0,86.5,20,0-19,1,0,BCDEF,0,1,0,1,0,0,0,0,0,0,1,0,0,0,0,1,0,0,0,0,0,0,0,1,0,0,1,0,1,0,0
506,0,18.0,108.9,20,0-19,2,0,BCDEF,1,0,0,0,1,0,0,0,0,0,1,0,0,0,0,0,1,0,0,0,0,0,0,1,1,0,0,1,0,0,0
507,1,33.0,26.0,35,32-42,3,1,AGZ,0,1,0,0,0,0,0,0,0,1,0,1,0,0,0,0,0,1,0,0,0,0,1,0,0,0,1,1,0,0,0
508,1,29.0,26.55,30,24-29,1,0,AGZ,1,0,0,0,0,0,0,0,0,1,1,0,0,0,0,0,1,0,0,0,0,0,1,0,0,0,1,1,0,0,0
509,0,28.0,22.525,30,24-29,1,0,AGZ,1,0,0,0,0,0,0,0,0,1,0,0,1,0,0,0,1,0,0,0,0,0,1,0,0,0,1,1,0,0,0
510,1,26.0,56.4958,30,24-29,1,0,AGZ,1,0,0,0,0,0,0,0,0,1,0,0,1,0,0,0,1,0,0,0,0,0,0,1,0,0,1,1,0,0,0
511,1,29.0,7.75,30,24-29,1,0,AGZ,1,0,0,0,0,0,0,0,0,1,0,0,1,0,0,0,1,0,0,0,1,0,0,0,0,1,0,1,0,0,0
512,0,29.0,8.05,30,24-29,1,0,AGZ,1,0,0,0,0,0,0,0,0,1,0,0,1,0,0,0,1,0,0,0,0,1,0,0,0,0,1,1,0,0,0
513,1,36.0,26.2875,40,32-42,1,0,BCDEF,1,0,0,0,0,0,1,0,0,0,1,0,0,0,0,0,1,0,0,0,0,0,1,0,0,0,1,1,0,0,0
514,1,54.0,59.4,55,42-92,2,0,AGZ,0,1,0,0,0,0,0,0,0,1,1,0,0,0,0,0,0,1,0,0,0,0,0,1,1,0,0,1,0,0,0
515,0,24.0,7.4958,25,19-24,1,0,AGZ,1,0,0,0,0,0,0,0,0,1,0,0,1,0,0,0,1,0,0,0,1,0,0,0,0,0,1,1,0,0,0
516,0,47.0,34.0208,50,42-92,1,0,BCDEF,1,0,0,0,0,1,0,0,0,0,1,0,0,0,0,0,1,0,0,0,0,0,0,1,0,0,1,1,0,0,0
517,1,34.0,10.5,35,32-42,1,0,BCDEF,0,1,0,0,0,0,0,1,0,0,0,1,0,0,0,0,0,1,0,0,0,1,0,0,0,0,1,1,0,0,0
518,0,29.0,24.15,30,24-29,1,0,AGZ,1,0,0,0,0,0,0,0,0,1,0,0,1,0,0,0,1,0,0,0,0,0,1,0,0,1,0,1,0,0,0
519,1,36.0,26.0,40,32-42,2,0,AGZ,0,1,0,0,0,0,0,0,0,1,0,1,0,0,0,0,0,1,0,0,0,0,1,0,0,0,1,1,0,0,0
520,0,32.0,7.8958,35,29-32,1,0,AGZ,1,0,0,0,0,0,0,0,0,1,0,0,1,0,0,0,1,0,0,0,1,0,0,0,0,0,1,1,0,0,0
521,1,30.0,93.5,30,29-32,1,0,BCDEF,0,1,0,1,0,0,0,0,0,0,1,0,0,0,0,1,0,0,0,0,0,0,0,1,0,0,1,1,0,0,0
522,0,22.0,7.8958,25,19-24,1,0,AGZ,1,0,0,0,0,0,0,0,0,1,0,0,1,0,0,0,1,0,0,0,1,0,0,0,0,0,1,1,0,0,0
523,0,29.0,7.225,30,24-29,1,0,AGZ,1,0,0,0,0,0,0,0,0,1,0,0,1,0,0,0,1,0,0,0,1,0,0,0,1,0,0,1,0,0,0
524,1,44.0,57.9792,45,42-92,2,1,BCDEF,0,1,0,1,0,0,0,0,0,0,1,0,0,0,0,0,0,1,0,0,0,0,0,1,1,0,0,1,0,0,0
525,0,29.0,7.2292,30,24-29,1,0,AGZ,1,0,0,0,0,0,0,0,0,1,0,0,1,0,0,0,1,0,0,0,1,0,0,0,1,0,0,1,0,0,0
526,0,40.5,7.75,45,32-42,1,0,AGZ,1,0,0,0,0,0,0,0,0,1,0,0,1,0,0,0,1,0,0,0,1,0,0,0,0,1,0,1,0,0,0
527,1,50.0,10.5,50,42-92,1,0,AGZ,0,1,0,0,0,0,0,0,0,1,0,1,0,0,0,1,0,0,0,0,0,1,0,0,0,0,1,1,0,0,0
528,0,29.0,221.7792,30,24-29,1,0,BCDEF,1,0,0,0,1,0,0,0,0,0,1,0,0,0,0,0,1,0,0,0,0,0,0,1,0,0,1,1,0,0,0
529,0,39.0,7.925,40,32-42,1,0,AGZ,1,0,0,0,0,0,0,0,0,1,0,0,1,0,0,0,1,0,0,0,0,1,0,0,0,0,1,1,0,0,0
530,0,23.0,11.5,25,19-24,4,0,AGZ,1,0,0,0,0,0,0,0,0,1,0,1,0,0,0,0,1,0,0,0,0,1,0,0,0,0,1,1,0,0,0
531,1,2.0,26.0,5,0-19,3,0,AGZ,0,1,0,0,0,0,0,0,0,1,0,1,0,0,0,1,0,0,0,0,0,0,1,0,0,0,1,0,1,0,0
532,0,29.0,7.2292,30,24-29,1,0,AGZ,1,0,0,0,0,0,0,0,0,1,0,0,1,0,0,0,1,0,0,0,1,0,0,0,1,0,0,1,0,0,0
533,0,17.0,7.2292,20,0-19,3,0,AGZ,1,1,0,0,0,0,0,0,0,1,0,0,1,0,0,0,1,0,0,0,1,0,0,0,1,0,0,0,1,0,0
534,1,35.0,22.3583,35,32-42,3,1,AGZ,0,1,0,0,0,0,0,0,0,1,0,0,1,0,0,0,0,1,0,0,0,0,1,0,1,0,0,1,0,0,0
535,0,30.0,8.6625,30,29-32,1,0,AGZ,0,1,0,0,0,0,0,0,0,1,0,0,1,0,0,1,0,0,0,0,0,1,0,0,0,0,1,1,0,0,0
536,1,7.0,26.25,10,0-19,3,0,AGZ,0,1,0,0,0,0,0,0,0,1,0,1,0,0,0,1,0,0,0,0,0,0,1,0,0,0,1,0,1,0,0
537,0,45.0,26.55,45,42-92,1,0,BCDEF,1,0,0,1,0,0,0,0,0,0,1,0,0,0,0,0,0,0,1,0,0,0,1,0,0,0,1,1,0,0,0
538,1,30.0,106.425,30,29-32,1,0,AGZ,0,1,0,0,0,0,0,0,0,1,1,0,0,0,0,1,0,0,0,0,0,0,0,1,1,0,0,1,0,0,0
539,0,29.0,14.5,30,24-29,1,0,AGZ,1,0,0,0,0,0,0,0,0,1,0,0,1,0,0,0,1,0,0,0,0,0,1,0,0,0,1,1,0,0,0
540,1,22.0,49.5,25,19-24,3,0,BCDEF,0,1,0,1,0,0,0,0,0,0,1,0,0,0,0,1,0,0,0,0,0,0,0,1,1,0,0,1,0,0,0
541,1,36.0,71.0,40,32-42,3,0,BCDEF,0,1,0,1,0,0,0,0,0,0,1,0,0,0,0,1,0,0,0,0,0,0,0,1,0,0,1,1,0,0,0
542,0,9.0,31.275,10,0-19,7,0,AGZ,0,1,0,0,0,0,0,0,0,1,0,0,1,0,0,1,0,0,0,0,0,0,1,0,0,0,1,0,1,0,0
543,0,11.0,31.275,15,0-19,7,0,AGZ,0,1,0,0,0,0,0,0,0,1,0,0,1,0,0,1,0,0,0,0,0,0,1,0,0,0,1,0,1,0,0
544,1,32.0,26.0,35,29-32,2,0,AGZ,1,0,0,0,0,0,0,0,0,1,0,1,0,0,0,0,1,0,0,0,0,0,1,0,0,0,1,1,0,0,0
545,0,50.0,106.425,50,42-92,2,0,BCDEF,1,0,0,0,1,0,0,0,0,0,1,0,0,0,0,0,1,0,0,0,0,0,0,1,1,0,0,1,0,0,0
546,0,64.0,26.0,65,42-92,1,0,AGZ,1,0,0,0,0,0,0,0,0,1,1,0,0,0,0,0,1,0,0,0,0,0,1,0,0,0,1,1,0,0,0
547,1,19.0,26.0,20,0-19,2,0,AGZ,0,1,0,0,0,0,0,0,0,1,0,1,0,0,0,0,0,1,0,0,0,0,1,0,0,0,1,1,0,0,0
548,1,29.0,13.8625,30,24-29,1,0,AGZ,1,0,0,0,0,0,0,0,0,1,0,1,0,0,0,0,1,0,0,0,0,1,0,0,1,0,0,1,0,0,0
549,0,33.0,20.525,35,32-42,3,0,AGZ,1,0,0,0,0,0,0,0,0,1,0,0,1,0,0,0,1,0,0,0,0,0,1,0,0,0,1,1,0,0,0
550,1,8.0,36.75,10,0-19,3,0,AGZ,1,1,0,0,0,0,0,0,0,1,0,1,0,0,1,0,0,0,0,0,0,0,0,1,0,0,1,0,1,0,0
551,1,17.0,110.8833,20,0-19,3,0,BCDEF,1,1,0,0,1,0,0,0,0,0,1,0,0,0,0,0,1,0,0,0,0,0,0,1,1,0,0,0,1,0,0
552,0,27.0,26.0,30,24-29,1,0,AGZ,1,0,0,0,0,0,0,0,0,1,0,1,0,0,0,0,1,0,0,0,0,0,1,0,0,0,1,1,0,0,0
553,0,29.0,7.8292,30,24-29,1,0,AGZ,1,0,0,0,0,0,0,0,0,1,0,0,1,0,0,0,1,0,0,0,1,0,0,0,0,1,0,1,0,0,0
554,1,22.0,7.225,25,19-24,1,0,AGZ,1,0,0,0,0,0,0,0,0,1,0,0,1,0,0,0,1,0,0,0,1,0,0,0,1,0,0,1,0,0,0
555,1,22.0,7.775,25,19-24,1,0,AGZ,0,1,0,0,0,0,0,0,0,1,0,0,1,0,0,1,0,0,0,0,1,0,0,0,0,0,1,1,0,0,0
556,0,62.0,26.55,65,42-92,1,0,AGZ,1,0,0,0,0,0,0,0,0,1,1,0,0,0,0,0,1,0,0,0,0,0,1,0,0,0,1,1,0,0,0
557,1,48.0,39.6,50,42-92,2,0,AGZ,0,1,1,0,0,0,0,0,0,0,1,0,0,1,0,0,0,0,0,0,0,0,0,1,1,0,0,1,0,0,0
558,0,29.0,227.525,30,24-29,1,0,AGZ,1,0,0,0,0,0,0,0,0,1,1,0,0,0,0,0,1,0,0,0,0,0,0,1,1,0,0,1,0,0,0
559,1,39.0,79.65,40,32-42,3,1,BCDEF,0,1,0,0,0,0,1,0,0,0,1,0,0,0,0,0,0,1,0,0,0,0,0,1,0,0,1,1,0,0,0
560,1,36.0,17.4,40,32-42,2,0,AGZ,0,1,0,0,0,0,0,0,0,1,0,0,1,0,0,0,0,1,0,0,0,0,1,0,0,0,1,1,0,0,0
561,0,29.0,7.75,30,24-29,1,0,AGZ,1,0,0,0,0,0,0,0,0,1,0,0,1,0,0,0,1,0,0,0,1,0,0,0,0,1,0,1,0,0,0
562,0,40.0,7.8958,40,32-42,1,0,AGZ,1,0,0,0,0,0,0,0,0,1,0,0,1,0,0,0,1,0,0,0,1,0,0,0,0,0,1,1,0,0,0
563,0,28.0,13.5,30,24-29,1,0,AGZ,1,0,0,0,0,0,0,0,0,1,0,1,0,0,0,0,1,0,0,0,0,1,0,0,0,0,1,1,0,0,0
564,0,29.0,8.05,30,24-29,1,0,AGZ,1,0,0,0,0,0,0,0,0,1,0,0,1,0,0,0,1,0,0,0,0,1,0,0,0,0,1,1,0,0,0
565,0,22.0,8.05,25,19-24,1,0,AGZ,0,1,0,0,0,0,0,0,0,1,0,0,1,0,0,1,0,0,0,0,0,1,0,0,0,0,1,1,0,0,0
566,0,24.0,24.15,25,19-24,3,0,AGZ,1,0,0,0,0,0,0,0,0,1,0,0,1,0,0,0,1,0,0,0,0,0,1,0,0,0,1,1,0,0,0
567,0,19.0,7.8958,20,0-19,1,0,AGZ,1,0,0,0,0,0,0,0,0,1,0,0,1,0,0,0,1,0,0,0,1,0,0,0,0,0,1,1,0,0,0
568,0,29.0,21.075,30,24-29,5,1,AGZ,0,1,0,0,0,0,0,0,0,1,0,0,1,0,0,0,0,1,0,0,0,0,1,0,0,0,1,1,0,0,0
569,0,29.0,7.2292,30,24-29,1,0,AGZ,1,0,0,0,0,0,0,0,0,1,0,0,1,0,0,0,1,0,0,0,1,0,0,0,1,0,0,1,0,0,0
570,1,32.0,7.8542,35,29-32,1,0,AGZ,1,0,0,0,0,0,0,0,0,1,0,0,1,0,0,0,1,0,0,0,1,0,0,0,0,0,1,1,0,0,0
571,1,62.0,10.5,65,42-92,1,0,AGZ,1,0,0,0,0,0,0,0,0,1,0,1,0,0,0,0,1,0,0,0,0,1,0,0,0,0,1,1,0,0,0
572,1,53.0,51.4792,55,42-92,3,0,BCDEF,0,1,0,0,1,0,0,0,0,0,1,0,0,0,0,0,0,1,0,0,0,0,0,1,0,0,1,1,0,0,0
573,1,36.0,26.3875,40,32-42,1,0,BCDEF,1,0,0,0,0,0,1,0,0,0,1,0,0,0,0,0,1,0,0,0,0,0,1,0,0,0,1,1,0,0,0
574,1,22.0,7.75,25,19-24,1,0,AGZ,0,1,0,0,0,0,0,0,0,1,0,0,1,0,0,1,0,0,0,0,1,0,0,0,0,1,0,1,0,0,0
575,0,16.0,8.05,20,0-19,1,0,AGZ,1,1,0,0,0,0,0,0,0,1,0,0,1,0,0,0,1,0,0,0,0,1,0,0,0,0,1,0,1,0,0
576,0,19.0,14.5,20,0-19,1,0,AGZ,1,0,0,0,0,0,0,0,0,1,0,0,1,0,0,0,1,0,0,0,0,0,1,0,0,0,1,1,0,0,0
577,1,34.0,13.0,35,32-42,1,0,AGZ,0,1,0,0,0,0,0,0,0,1,0,1,0,0,0,1,0,0,0,0,0,1,0,0,0,0,1,1,0,0,0
578,1,39.0,55.9,40,32-42,2,0,BCDEF,0,1,0,0,0,0,1,0,0,0,1,0,0,0,0,0,0,1,0,0,0,0,0,1,0,0,1,1,0,0,0
579,0,35.0,14.4583,35,32-42,2,0,AGZ,0,1,0,0,0,0,0,0,0,1,0,0,1,0,0,0,0,1,0,0,0,0,1,0,1,0,0,1,0,0,0
580,1,32.0,7.925,35,29-32,1,0,AGZ,1,0,0,0,0,0,0,0,0,1,0,0,1,0,0,0,1,0,0,0,0,1,0,0,0,0,1,1,0,0,0
581,1,25.0,30.0,25,24-29,3,0,AGZ,0,1,0,0,0,0,0,0,0,1,0,1,0,0,0,1,0,0,0,0,0,0,1,0,0,0,1,1,0,0,0
582,1,39.0,110.8833,40,32-42,3,1,BCDEF,0,1,0,0,1,0,0,0,0,0,1,0,0,0,0,0,0,1,0,0,0,0,0,1,1,0,0,1,0,0,0
583,0,54.0,26.0,55,42-92,1,0,AGZ,1,0,0,0,0,0,0,0,0,1,0,1,0,0,0,0,1,0,0,0,0,0,1,0,0,0,1,1,0,0,0
584,0,36.0,40.125,40,32-42,1,0,AGZ,1,0,1,0,0,0,0,0,0,0,1,0,0,0,0,0,1,0,0,0,0,0,0,1,1,0,0,1,0,0,0
585,0,29.0,8.7125,30,24-29,1,0,AGZ,1,0,0,0,0,0,0,0,0,1,0,0,1,0,0,0,1,0,0,0,0,1,0,0,1,0,0,1,0,0,0
586,1,18.0,79.65,20,0-19,3,0,BCDEF,0,1,0,0,0,0,1,0,0,0,1,0,0,0,0,1,0,0,0,0,0,0,0,1,0,0,1,1,0,0,0
587,0,47.0,15.0,50,42-92,1,0,AGZ,1,0,0,0,0,0,0,0,0,1,0,1,0,0,0,0,1,0,0,0,0,0,1,0,0,0,1,1,0,0,0
588,1,60.0,79.2,60,42-92,3,0,BCDEF,1,0,0,1,0,0,0,0,0,0,1,0,0,0,0,0,1,0,0,0,0,0,0,1,1,0,0,1,0,0,0
589,0,22.0,8.05,25,19-24,1,0,AGZ,1,0,0,0,0,0,0,0,0,1,0,0,1,0,0,0,1,0,0,0,0,1,0,0,0,0,1,1,0,0,0
590,0,29.0,8.05,30,24-29,1,0,AGZ,1,0,0,0,0,0,0,0,0,1,0,0,1,0,0,0,1,0,0,0,0,1,0,0,0,0,1,1,0,0,0
591,0,35.0,7.125,35,32-42,1,0,AGZ,1,0,0,0,0,0,0,0,0,1,0,0,1,0,0,0,1,0,0,0,1,0,0,0,0,0,1,1,0,0,0
592,1,52.0,78.2667,55,42-92,2,0,BCDEF,0,1,0,0,0,1,0,0,0,0,1,0,0,0,0,0,0,1,0,0,0,0,0,1,1,0,0,1,0,0,0
593,0,47.0,7.25,50,42-92,1,0,AGZ,1,0,0,0,0,0,0,0,0,1,0,0,1,0,0,0,1,0,0,0,1,0,0,0,0,0,1,1,0,0,0
594,0,22.0,7.75,25,19-24,3,0,AGZ,0,1,0,0,0,0,0,0,0,1,0,0,1,0,0,1,0,0,0,0,1,0,0,0,0,1,0,1,0,0,0
595,0,37.0,26.0,40,32-42,2,0,AGZ,1,0,0,0,0,0,0,0,0,1,0,1,0,0,0,0,1,0,0,0,0,0,1,0,0,0,1,1,0,0,0
596,0,36.0,24.15,40,32-42,3,0,AGZ,1,0,0,0,0,0,0,0,0,1,0,0,1,0,0,0,1,0,0,0,0,0,1,0,0,0,1,1,0,0,0
597,1,22.0,33.0,25,19-24,1,0,AGZ,0,1,0,0,0,0,0,0,0,1,0,1,0,0,0,1,0,0,0,0,0,0,0,1,0,0,1,1,0,0,0
598,0,49.0,0.0,50,42-92,1,0,AGZ,1,0,0,0,0,0,0,0,0,1,0,0,1,0,0,0,1,0,0,0,1,0,0,0,0,0,1,1,0,0,0
599,0,29.0,7.225,30,24-29,1,0,AGZ,1,0,0,0,0,0,0,0,0,1,0,0,1,0,0,0,1,0,0,0,1,0,0,0,1,0,0,1,0,0,0
600,1,49.0,56.9292,50,42-92,2,0,AGZ,1,0,1,0,0,0,0,0,0,0,1,0,0,0,0,0,0,0,0,1,0,0,0,1,1,0,0,1,0,0,0
601,1,24.0,27.0,25,19-24,4,1,AGZ,0,1,0,0,0,0,0,0,0,1,0,1,0,0,0,0,0,1,0,0,0,0,1,0,0,0,1,1,0,0,0
602,0,29.0,7.8958,30,24-29,1,0,AGZ,1,0,0,0,0,0,0,0,0,1,0,0,1,0,0,0,1,0,0,0,1,0,0,0,0,0,1,1,0,0,0
603,0,29.0,42.4,30,24-29,1,0,AGZ,1,0,0,0,0,0,0,0,0,1,1,0,0,0,0,0,1,0,0,0,0,0,0,1,0,0,1,1,0,0,0
604,0,44.0,8.05,45,42-92,1,0,AGZ,1,0,0,0,0,0,0,0,0,1,0,0,1,0,0,0,1,0,0,0,0,1,0,0,0,0,1,1,0,0,0
605,1,35.0,26.55,35,32-42,1,0,AGZ,1,0,0,0,0,0,0,0,0,1,1,0,0,0,0,0,1,0,0,0,0,0,1,0,1,0,0,1,0,0,0
606,0,36.0,15.55,40,32-42,2,0,AGZ,1,0,0,0,0,0,0,0,0,1,0,0,1,0,0,0,1,0,0,0,0,0,1,0,0,0,1,1,0,0,0
607,0,30.0,7.8958,30,29-32,1,0,AGZ,1,0,0,0,0,0,0,0,0,1,0,0,1,0,0,0,1,0,0,0,1,0,0,0,0,0,1,1,0,0,0
608,1,27.0,30.5,30,24-29,1,0,AGZ,1,0,0,0,0,0,0,0,0,1,1,0,0,0,0,0,1,0,0,0,0,0,1,0,0,0,1,1,0,0,0
609,1,22.0,41.5792,25,19-24,4,1,AGZ,0,1,0,0,0,0,0,0,0,1,0,1,0,0,0,0,0,1,0,0,0,0,0,1,1,0,0,1,0,0,0
610,1,40.0,153.4625,40,32-42,1,0,BCDEF,0,1,0,0,1,0,0,0,0,0,1,0,0,0,0,1,0,0,0,0,0,0,0,1,0,0,1,1,0,0,0
611,0,39.0,31.275,40,32-42,7,1,AGZ,0,1,0,0,0,0,0,0,0,1,0,0,1,0,0,0,0,1,0,0,0,0,1,0,0,0,1,1,0,0,0
612,0,29.0,7.05,30,24-29,1,0,AGZ,1,0,0,0,0,0,0,0,0,1,0,0,1,0,0,0,1,0,0,0,1,0,0,0,0,0,1,1,0,0,0
613,1,22.0,15.5,25,19-24,2,0,AGZ,0,1,0,0,0,0,0,0,0,1,0,0,1,0,0,1,0,0,0,0,0,0,1,0,0,1,0,1,0,0,0
614,0,29.0,7.75,30,24-29,1,0,AGZ,1,0,0,0,0,0,0,0,0,1,0,0,1,0,0,0,1,0,0,0,1,0,0,0,0,1,0,1,0,0,0
615,0,35.0,8.05,35,32-42,1,0,AGZ,1,0,0,0,0,0,0,0,0,1,0,0,1,0,0,0,1,0,0,0,0,1,0,0,0,0,1,1,0,0,0
616,1,24.0,65.0,25,19-24,4,0,AGZ,0,1,0,0,0,0,0,0,0,1,0,1,0,0,0,1,0,0,0,0,0,0,0,1,0,0,1,1,0,0,0
617,0,34.0,14.4,35,32-42,3,0,AGZ,1,0,0,0,0,0,0,0,0,1,0,0,1,0,0,0,1,0,0,0,0,1,0,0,0,0,1,1,0,0,0
618,0,26.0,16.1,30,24-29,2,0,AGZ,0,1,0,0,0,0,0,0,0,1,0,0,1,0,0,0,0,1,0,0,0,0,1,0,0,0,1,1,0,0,0
619,1,4.0,39.0,5,0-19,4,0,BCDEF,0,1,0,0,0,0,0,1,0,0,0,1,0,0,0,1,0,0,0,0,0,0,0,1,0,0,1,0,1,0,0
620,0,26.0,10.5,30,24-29,1,0,AGZ,1,0,0,0,0,0,0,0,0,1,0,1,0,0,0,0,1,0,0,0,0,1,0,0,0,0,1,1,0,0,0
621,0,27.0,14.4542,30,24-29,2,0,AGZ,1,0,0,0,0,0,0,0,0,1,0,0,1,0,0,0,1,0,0,0,0,1,0,0,1,0,0,1,0,0,0
622,1,42.0,52.5542,45,32-42,2,0,BCDEF,1,0,0,0,0,1,0,0,0,0,1,0,0,0,0,0,1,0,0,0,0,0,0,1,0,0,1,1,0,0,0
623,1,20.0,15.7417,20,19-24,3,0,AGZ,1,0,0,0,0,0,0,0,0,1,0,0,1,0,0,0,1,0,0,0,0,0,1,0,1,0,0,1,0,0,0
624,0,21.0,7.8542,25,19-24,1,0,AGZ,1,0,0,0,0,0,0,0,0,1,0,0,1,0,0,0,1,0,0,0,1,0,0,0,0,0,1,1,0,0,0
625,0,21.0,16.1,25,19-24,1,0,AGZ,1,0,0,0,0,0,0,0,0,1,0,0,1,0,0,0,1,0,0,0,0,0,1,0,0,0,1,1,0,0,0
626,0,61.0,32.3208,65,42-92,1,0,BCDEF,1,0,0,0,0,1,0,0,0,0,1,0,0,0,0,0,1,0,0,0,0,0,0,1,0,0,1,1,0,0,0
627,0,57.0,12.35,60,42-92,1,0,AGZ,1,0,0,0,0,0,0,0,0,1,0,1,0,0,0,0,0,0,0,1,0,1,0,0,0,1,0,1,0,0,0
628,1,21.0,77.9583,25,19-24,1,0,BCDEF,0,1,0,0,0,1,0,0,0,0,1,0,0,0,0,1,0,0,0,0,0,0,0,1,0,0,1,1,0,0,0
629,0,26.0,7.8958,30,24-29,1,0,AGZ,1,0,0,0,0,0,0,0,0,1,0,0,1,0,0,0,1,0,0,0,1,0,0,0,0,0,1,1,0,0,0
630,0,29.0,7.7333,30,24-29,1,0,AGZ,1,0,0,0,0,0,0,0,0,1,0,0,1,0,0,0,1,0,0,0,1,0,0,0,0,1,0,1,0,0,0
631,1,80.0,30.0,80,42-92,1,0,AGZ,1,0,1,0,0,0,0,0,0,0,1,0,0,0,0,0,1,0,0,0,0,0,1,0,0,0,1,1,0,0,0
632,0,51.0,7.0542,55,42-92,1,0,AGZ,1,0,0,0,0,0,0,0,0,1,0,0,1,0,0,0,1,0,0,0,1,0,0,0,0,0,1,1,0,0,0
633,1,32.0,30.5,35,29-32,1,0,BCDEF,1,0,0,1,0,0,0,0,0,0,1,0,0,0,0,0,0,0,1,0,0,0,1,0,1,0,0,1,0,0,0
634,0,29.0,0.0,30,24-29,1,0,AGZ,1,0,0,0,0,0,0,0,0,1,1,0,0,0,0,0,1,0,0,0,1,0,0,0,0,0,1,1,0,0,0
635,0,9.0,27.9,10,0-19,6,0,AGZ,0,1,0,0,0,0,0,0,0,1,0,0,1,0,0,1,0,0,0,0,0,0,1,0,0,0,1,0,1,0,0
636,1,28.0,13.0,30,24-29,1,0,AGZ,0,1,0,0,0,0,0,0,0,1,0,1,0,0,0,1,0,0,0,0,0,1,0,0,0,0,1,1,0,0,0
637,0,32.0,7.925,35,29-32,1,0,AGZ,1,0,0,0,0,0,0,0,0,1,0,0,1,0,0,0,1,0,0,0,0,1,0,0,0,0,1,1,0,0,0
638,0,31.0,26.25,35,29-32,3,0,AGZ,1,0,0,0,0,0,0,0,0,1,0,1,0,0,0,0,1,0,0,0,0,0,1,0,0,0,1,1,0,0,0
639,0,41.0,39.6875,45,32-42,6,1,AGZ,0,1,0,0,0,0,0,0,0,1,0,0,1,0,0,0,0,1,0,0,0,0,0,1,0,0,1,1,0,0,0
640,0,29.0,16.1,30,24-29,2,0,AGZ,1,0,0,0,0,0,0,0,0,1,0,0,1,0,0,0,1,0,0,0,0,0,1,0,0,0,1,1,0,0,0
641,0,20.0,7.8542,20,19-24,1,0,AGZ,1,0,0,0,0,0,0,0,0,1,0,0,1,0,0,0,1,0,0,0,1,0,0,0,0,0,1,1,0,0,0
642,1,24.0,69.3,25,19-24,1,0,BCDEF,0,1,0,1,0,0,0,0,0,0,1,0,0,0,0,1,0,0,0,0,0,0,0,1,1,0,0,1,0,0,0
643,0,2.0,27.9,5,0-19,6,0,AGZ,0,1,0,0,0,0,0,0,0,1,0,0,1,0,0,1,0,0,0,0,0,0,1,0,0,0,1,0,1,0,0
644,1,29.0,56.4958,30,24-29,1,0,AGZ,1,0,0,0,0,0,0,0,0,1,0,0,1,0,0,0,1,0,0,0,0,0,0,1,0,0,1,1,0,0,0
645,1,75.0,19.2583,75,42-92,4,0,AGZ,0,1,0,0,0,0,0,0,0,1,0,0,1,0,0,1,0,0,0,0,0,0,1,0,1,0,0,1,0,0,0
646,1,48.0,76.7292,50,42-92,2,0,BCDEF,1,0,0,0,0,1,0,0,0,0,1,0,0,0,0,0,1,0,0,0,0,0,0,1,1,0,0,1,0,0,0
647,0,19.0,7.8958,20,0-19,1,0,AGZ,1,0,0,0,0,0,0,0,0,1,0,0,1,0,0,0,1,0,0,0,1,0,0,0,0,0,1,1,0,0,0
648,1,56.0,35.5,60,42-92,1,0,AGZ,1,0,1,0,0,0,0,0,0,0,1,0,0,0,0,0,0,0,1,0,0,0,0,1,1,0,0,1,0,0,0
649,0,29.0,7.55,30,24-29,1,0,AGZ,1,0,0,0,0,0,0,0,0,1,0,0,1,0,0,0,1,0,0,0,1,0,0,0,0,0,1,1,0,0,0
650,1,23.0,7.55,25,19-24,1,0,AGZ,0,1,0,0,0,0,0,0,0,1,0,0,1,0,0,1,0,0,0,0,1,0,0,0,0,0,1,1,0,0,0
651,0,29.0,7.8958,30,24-29,1,0,AGZ,1,0,0,0,0,0,0,0,0,1,0,0,1,0,0,0,1,0,0,0,1,0,0,0,0,0,1,1,0,0,0
652,1,18.0,23.0,20,0-19,2,0,AGZ,0,1,0,0,0,0,0,0,0,1,0,1,0,0,0,1,0,0,0,0,0,0,1,0,0,0,1,1,0,0,0
653,0,21.0,8.4333,25,19-24,1,0,AGZ,1,0,0,0,0,0,0,0,0,1,0,0,1,0,0,0,1,0,0,0,0,1,0,0,0,0,1,1,0,0,0
654,1,22.0,7.8292,25,19-24,1,0,AGZ,0,1,0,0,0,0,0,0,0,1,0,0,1,0,0,1,0,0,0,0,1,0,0,0,0,1,0,1,0,0,0
655,0,18.0,6.75,20,0-19,1,0,AGZ,0,1,0,0,0,0,0,0,0,1,0,0,1,0,0,1,0,0,0,0,1,0,0,0,0,1,0,1,0,0,0
656,0,24.0,73.5,25,19-24,3,0,AGZ,1,0,0,0,0,0,0,0,0,1,0,1,0,0,0,0,1,0,0,0,0,0,0,1,0,0,1,1,0,0,0
657,0,29.0,7.8958,30,24-29,1,0,AGZ,1,0,0,0,0,0,0,0,0,1,0,0,1,0,0,0,1,0,0,0,1,0,0,0,0,0,1,1,0,0,0
658,0,32.0,15.5,35,29-32,3,1,AGZ,0,1,0,0,0,0,0,0,0,1,0,0,1,0,0,0,0,1,0,0,0,0,1,0,0,1,0,1,0,0,0
659,0,23.0,13.0,25,19-24,1,0,AGZ,1,0,0,0,0,0,0,0,0,1,0,1,0,0,0,0,1,0,0,0,0,1,0,0,0,0,1,1,0,0,0
660,0,58.0,113.275,60,42-92,3,0,BCDEF,1,0,0,0,0,1,0,0,0,0,1,0,0,0,0,0,1,0,0,0,0,0,0,1,1,0,0,1,0,0,0
661,1,50.0,133.65,50,42-92,3,0,AGZ,1,0,0,0,0,0,0,0,0,1,1,0,0,0,0,0,0,0,1,0,0,0,0,1,0,0,1,1,0,0,0
662,0,40.0,7.225,40,32-42,1,0,AGZ,1,0,0,0,0,0,0,0,0,1,0,0,1,0,0,0,1,0,0,0,1,0,0,0,1,0,0,1,0,0,0
663,0,47.0,25.5875,50,42-92,1,0,BCDEF,1,0,0,0,0,0,1,0,0,0,1,0,0,0,0,0,1,0,0,0,0,0,1,0,0,0,1,1,0,0,0
664,0,36.0,7.4958,40,32-42,1,0,AGZ,1,0,0,0,0,0,0,0,0,1,0,0,1,0,0,0,1,0,0,0,1,0,0,0,0,0,1,1,0,0,0
665,1,20.0,7.925,20,19-24,2,0,AGZ,1,0,0,0,0,0,0,0,0,1,0,0,1,0,0,0,1,0,0,0,0,1,0,0,0,0,1,1,0,0,0
666,0,32.0,73.5,35,29-32,3,0,AGZ,1,0,0,0,0,0,0,0,0,1,0,1,0,0,0,0,1,0,0,0,0,0,0,1,0,0,1,1,0,0,0
667,0,25.0,13.0,25,24-29,1,0,AGZ,1,0,0,0,0,0,0,0,0,1,0,1,0,0,0,0,1,0,0,0,0,1,0,0,0,0,1,1,0,0,0
668,0,29.0,7.775,30,24-29,1,0,AGZ,1,0,0,0,0,0,0,0,0,1,0,0,1,0,0,0,1,0,0,0,1,0,0,0,0,0,1,1,0,0,0
669,0,43.0,8.05,45,42-92,1,0,AGZ,1,0,0,0,0,0,0,0,0,1,0,0,1,0,0,0,1,0,0,0,0,1,0,0,0,0,1,1,0,0,0
670,1,35.0,52.0,35,32-42,2,0,BCDEF,0,1,0,0,1,0,0,0,0,0,1,0,0,0,0,0,0,1,0,0,0,0,0,1,0,0,1,1,0,0,0
671,1,40.0,39.0,40,32-42,3,1,AGZ,0,1,0,0,0,0,0,0,0,1,0,1,0,0,0,0,0,1,0,0,0,0,0,1,0,0,1,1,0,0,0
672,0,31.0,52.0,35,29-32,2,0,BCDEF,1,0,0,1,0,0,0,0,0,0,1,0,0,0,0,0,1,0,0,0,0,0,0,1,0,0,1,1,0,0,0
673,0,70.0,10.5,70,42-92,1,0,AGZ,1,0,0,0,0,0,0,0,0,1,0,1,0,0,0,0,1,0,0,0,0,1,0,0,0,0,1,1,0,0,0
674,1,31.0,13.0,35,29-32,1,0,AGZ,1,0,0,0,0,0,0,0,0,1,0,1,0,0,0,0,1,0,0,0,0,1,0,0,0,0,1,1,0,0,0
675,0,29.0,0.0,30,24-29,1,0,AGZ,1,0,0,0,0,0,0,0,0,1,0,1,0,0,0,0,1,0,0,0,1,0,0,0,0,0,1,1,0,0,0
676,0,18.0,7.775,20,0-19,1,0,AGZ,1,0,0,0,0,0,0,0,0,1,0,0,1,0,0,0,1,0,0,0,1,0,0,0,0,0,1,1,0,0,0
677,0,24.5,8.05,25,24-29,1,0,AGZ,1,0,0,0,0,0,0,0,0,1,0,0,1,0,0,0,1,0,0,0,0,1,0,0,0,0,1,1,0,0,0
678,1,18.0,9.8417,20,0-19,1,0,AGZ,0,1,0,0,0,0,0,0,0,1,0,0,1,0,0,1,0,0,0,0,0,1,0,0,0,0,1,1,0,0,0
679,0,43.0,46.9,45,42-92,8,1,AGZ,0,1,0,0,0,0,0,0,0,1,0,0,1,0,0,0,0,1,0,0,0,0,0,1,0,0,1,1,0,0,0
680,1,36.0,512.3292,40,32-42,2,0,BCDEF,1,0,0,1,0,0,0,0,0,0,1,0,0,0,0,0,1,0,0,0,0,0,0,1,1,0,0,1,0,0,0
681,0,22.0,8.1375,25,19-24,1,0,AGZ,0,1,0,0,0,0,0,0,0,1,0,0,1,0,0,1,0,0,0,0,0,1,0,0,0,1,0,1,0,0,0
682,1,27.0,76.7292,30,24-29,1,0,BCDEF,1,0,0,0,0,1,0,0,0,0,1,0,0,0,0,0,1,0,0,0,0,0,0,1,1,0,0,1,0,0,0
683,0,20.0,9.225,20,19-24,1,0,AGZ,1,0,0,0,0,0,0,0,0,1,0,0,1,0,0,0,1,0,0,0,0,1,0,0,0,0,1,1,0,0,0
684,0,14.0,46.9,15,0-19,8,0,AGZ,1,1,0,0,0,0,0,0,0,1,0,0,1,0,0,0,1,0,0,0,0,0,0,1,0,0,1,0,1,0,0
685,0,60.0,39.0,60,42-92,3,0,AGZ,1,0,0,0,0,0,0,0,0,1,0,1,0,0,0,0,1,0,0,0,0,0,0,1,0,0,1,1,0,0,0
686,0,25.0,41.5792,25,24-29,4,0,AGZ,1,0,0,0,0,0,0,0,0,1,0,1,0,0,0,0,1,0,0,0,0,0,0,1,1,0,0,1,0,0,0
687,0,14.0,39.6875,15,0-19,6,0,AGZ,1,1,0,0,0,0,0,0,0,1,0,0,1,0,0,0,1,0,0,0,0,0,0,1,0,0,1,0,1,0,0
688,0,19.0,10.1708,20,0-19,1,0,AGZ,1,0,0,0,0,0,0,0,0,1,0,0,1,0,0,0,1,0,0,0,0,1,0,0,0,0,1,1,0,0,0
689,0,18.0,7.7958,20,0-19,1,0,AGZ,1,0,0,0,0,0,0,0,0,1,0,0,1,0,0,0,1,0,0,0,1,0,0,0,0,0,1,1,0,0,0
690,1,15.0,211.3375,15,0-19,2,0,BCDEF,0,1,0,1,0,0,0,0,0,0,1,0,0,0,0,1,0,0,0,0,0,0,0,1,0,0,1,0,1,0,0
691,1,31.0,57.0,35,29-32,2,0,BCDEF,1,0,0,1,0,0,0,0,0,0,1,0,0,0,0,0,1,0,0,0,0,0,0,1,0,0,1,1,0,0,0
692,1,4.0,13.4167,5,0-19,2,0,AGZ,0,1,0,0,0,0,0,0,0,1,0,0,1,0,0,1,0,0,0,0,0,1,0,0,1,0,0,0,1,0,0
693,1,29.0,56.4958,30,24-29,1,0,AGZ,1,0,0,0,0,0,0,0,0,1,0,0,1,0,0,0,1,0,0,0,0,0,0,1,0,0,1,1,0,0,0
694,0,25.0,7.225,25,24-29,1,0,AGZ,1,0,0,0,0,0,0,0,0,1,0,0,1,0,0,0,1,0,0,0,1,0,0,0,1,0,0,1,0,0,0
695,0,60.0,26.55,60,42-92,1,0,AGZ,1,0,0,0,0,0,0,0,0,1,1,0,0,0,0,0,0,0,1,0,0,0,1,0,0,0,1,1,0,0,0
696,0,52.0,13.5,55,42-92,1,0,AGZ,1,0,0,0,0,0,0,0,0,1,0,1,0,0,0,0,1,0,0,0,0,1,0,0,0,0,1,1,0,0,0
697,0,44.0,8.05,45,42-92,1,0,AGZ,1,0,0,0,0,0,0,0,0,1,0,0,1,0,0,0,1,0,0,0,0,1,0,0,0,0,1,1,0,0,0
698,1,22.0,7.7333,25,19-24,1,0,AGZ,0,1,0,0,0,0,0,0,0,1,0,0,1,0,0,1,0,0,0,0,1,0,0,0,0,1,0,1,0,0,0
699,0,49.0,110.8833,50,42-92,3,0,BCDEF,1,0,0,0,1,0,0,0,0,0,1,0,0,0,0,0,1,0,0,0,0,0,0,1,1,0,0,1,0,0,0
700,0,42.0,7.65,45,32-42,1,0,BCDEF,1,0,0,0,0,0,0,1,0,0,0,0,1,0,0,0,1,0,0,0,1,0,0,0,0,0,1,1,0,0,0
701,1,18.0,227.525,20,0-19,2,0,BCDEF,0,1,0,0,1,0,0,0,0,0,1,0,0,0,0,0,0,1,0,0,0,0,0,1,1,0,0,1,0,0,0
702,1,35.0,26.2875,35,32-42,1,0,BCDEF,1,0,0,0,0,0,1,0,0,0,1,0,0,0,0,0,1,0,0,0,0,0,1,0,0,0,1,1,0,0,0
703,0,18.0,14.4542,20,0-19,2,0,AGZ,0,1,0,0,0,0,0,0,0,1,0,0,1,0,0,1,0,0,0,0,0,1,0,0,1,0,0,1,0,0,0
704,0,25.0,7.7417,25,24-29,1,0,AGZ,1,0,0,0,0,0,0,0,0,1,0,0,1,0,0,0,1,0,0,0,1,0,0,0,0,1,0,1,0,0,0
705,0,26.0,7.8542,30,24-29,2,0,AGZ,1,0,0,0,0,0,0,0,0,1,0,0,1,0,0,0,1,0,0,0,1,0,0,0,0,0,1,1,0,0,0
706,0,39.0,26.0,40,32-42,1,0,AGZ,1,0,0,0,0,0,0,0,0,1,0,1,0,0,0,0,1,0,0,0,0,0,1,0,0,0,1,1,0,0,0
707,1,45.0,13.5,45,42-92,1,0,AGZ,0,1,0,0,0,0,0,0,0,1,0,1,0,0,0,0,0,1,0,0,0,1,0,0,0,0,1,1,0,0,0
708,1,42.0,26.2875,45,32-42,1,0,BCDEF,1,0,0,0,0,0,1,0,0,0,1,0,0,0,0,0,1,0,0,0,0,0,1,0,0,0,1,1,0,0,0
709,1,22.0,151.55,25,19-24,1,0,AGZ,0,1,0,0,0,0,0,0,0,1,1,0,0,0,0,1,0,0,0,0,0,0,0,1,0,0,1,1,0,0,0
710,1,7.0,15.2458,10,0-19,3,0,AGZ,1,1,0,0,0,0,0,0,0,1,0,0,1,0,1,0,0,0,0,0,0,0,1,0,1,0,0,0,1,0,0
711,1,24.0,49.5042,25,19-24,1,0,BCDEF,0,1,0,0,1,0,0,0,0,0,1,0,0,0,0,1,0,0,0,0,0,0,0,1,1,0,0,1,0,0,0
712,0,29.0,26.55,30,24-29,1,0,BCDEF,1,0,0,0,1,0,0,0,0,0,1,0,0,0,0,0,1,0,0,0,0,0,1,0,0,0,1,1,0,0,0
713,1,48.0,52.0,50,42-92,2,0,BCDEF,1,0,0,0,1,0,0,0,0,0,1,0,0,0,0,0,1,0,0,0,0,0,0,1,0,0,1,1,0,0,0
714,0,29.0,9.4833,30,24-29,1,0,AGZ,1,0,0,0,0,0,0,0,0,1,0,0,1,0,0,0,1,0,0,0,0,1,0,0,0,0,1,1,0,0,0
715,0,52.0,13.0,55,42-92,1,0,AGZ,1,0,0,0,0,0,0,0,0,1,0,1,0,0,0,0,1,0,0,0,0,1,0,0,0,0,1,1,0,0,0
716,0,19.0,7.65,20,0-19,1,0,BCDEF,1,0,0,0,0,0,0,1,0,0,0,0,1,0,0,0,1,0,0,0,1,0,0,0,0,0,1,1,0,0,0
717,1,38.0,227.525,40,32-42,1,0,BCDEF,0,1,0,0,1,0,0,0,0,0,1,0,0,0,0,1,0,0,0,0,0,0,0,1,1,0,0,1,0,0,0
718,1,27.0,10.5,30,24-29,1,0,BCDEF,0,1,0,0,0,0,1,0,0,0,0,1,0,0,0,1,0,0,0,0,0,1,0,0,0,0,1,1,0,0,0
719,0,29.0,15.5,30,24-29,1,0,AGZ,1,0,0,0,0,0,0,0,0,1,0,0,1,0,0,0,1,0,0,0,0,0,1,0,0,1,0,1,0,0,0
720,0,33.0,7.775,35,32-42,1,0,AGZ,1,0,0,0,0,0,0,0,0,1,0,0,1,0,0,0,1,0,0,0,1,0,0,0,0,0,1,1,0,0,0
721,1,6.0,33.0,10,0-19,2,0,AGZ,0,1,0,0,0,0,0,0,0,1,0,1,0,0,0,1,0,0,0,0,0,0,0,1,0,0,1,0,1,0,0
722,0,17.0,7.0542,20,0-19,2,0,AGZ,1,1,0,0,0,0,0,0,0,1,0,0,1,0,0,0,1,0,0,0,1,0,0,0,0,0,1,0,1,0,0
723,0,34.0,13.0,35,32-42,1,0,AGZ,1,0,0,0,0,0,0,0,0,1,0,1,0,0,0,0,1,0,0,0,0,1,0,0,0,0,1,1,0,0,0
724,0,50.0,13.0,50,42-92,1,0,AGZ,1,0,0,0,0,0,0,0,0,1,0,1,0,0,0,0,1,0,0,0,0,1,0,0,0,0,1,1,0,0,0
725,1,27.0,53.1,30,24-29,2,0,BCDEF,1,0,0,0,0,0,1,0,0,0,1,0,0,0,0,0,1,0,0,0,0,0,0,1,0,0,1,1,0,0,0
726,0,20.0,8.6625,20,19-24,1,0,AGZ,1,0,0,0,0,0,0,0,0,1,0,0,1,0,0,0,1,0,0,0,0,1,0,0,0,0,1,1,0,0,0
727,1,30.0,21.0,30,29-32,4,0,AGZ,0,1,0,0,0,0,0,0,0,1,0,1,0,0,0,0,0,1,0,0,0,0,1,0,0,0,1,1,0,0,0
728,1,22.0,7.7375,25,19-24,1,0,AGZ,0,1,0,0,0,0,0,0,0,1,0,0,1,0,0,1,0,0,0,0,1,0,0,0,0,1,0,1,0,0,0
729,0,25.0,26.0,25,24-29,2,0,AGZ,1,0,0,0,0,0,0,0,0,1,0,1,0,0,0,0,1,0,0,0,0,0,1,0,0,0,1,1,0,0,0
730,0,25.0,7.925,25,24-29,2,0,AGZ,0,1,0,0,0,0,0,0,0,1,0,0,1,0,0,1,0,0,0,0,0,1,0,0,0,0,1,1,0,0,0
731,1,29.0,211.3375,30,24-29,1,0,BCDEF,0,1,0,1,0,0,0,0,0,0,1,0,0,0,0,1,0,0,0,0,0,0,0,1,0,0,1,1,0,0,0
732,0,11.0,18.7875,15,0-19,1,0,AGZ,1,1,0,0,0,0,0,0,0,1,0,0,1,0,0,0,1,0,0,0,0,0,1,0,1,0,0,0,1,0,0
733,0,29.0,0.0,30,24-29,1,0,AGZ,1,0,0,0,0,0,0,0,0,1,0,1,0,0,0,0,1,0,0,0,1,0,0,0,0,0,1,1,0,0,0
734,0,23.0,13.0,25,19-24,1,0,AGZ,1,0,0,0,0,0,0,0,0,1,0,1,0,0,0,0,1,0,0,0,0,1,0,0,0,0,1,1,0,0,0
735,0,23.0,13.0,25,19-24,1,0,AGZ,1,0,0,0,0,0,0,0,0,1,0,1,0,0,0,0,1,0,0,0,0,1,0,0,0,0,1,1,0,0,0
736,0,28.5,16.1,30,24-29,1,0,AGZ,1,0,0,0,0,0,0,0,0,1,0,0,1,0,0,0,1,0,0,0,0,0,1,0,0,0,1,1,0,0,0
737,0,48.0,34.375,50,42-92,5,1,AGZ,0,1,0,0,0,0,0,0,0,1,0,0,1,0,0,0,0,1,0,0,0,0,0,1,0,0,1,1,0,0,0
738,1,35.0,512.3292,35,32-42,1,0,BCDEF,1,0,0,1,0,0,0,0,0,0,1,0,0,0,0,0,1,0,0,0,0,0,0,1,1,0,0,1,0,0,0
739,0,29.0,7.8958,30,24-29,1,0,AGZ,1,0,0,0,0,0,0,0,0,1,0,0,1,0,0,0,1,0,0,0,1,0,0,0,0,0,1,1,0,0,0
740,0,29.0,7.8958,30,24-29,1,0,AGZ,1,0,0,0,0,0,0,0,0,1,0,0,1,0,0,0,1,0,0,0,1,0,0,0,0,0,1,1,0,0,0
741,1,29.0,30.0,30,24-29,1,0,BCDEF,1,0,0,0,0,1,0,0,0,0,1,0,0,0,0,0,1,0,0,0,0,0,1,0,0,0,1,1,0,0,0
742,0,36.0,78.85,40,32-42,2,0,BCDEF,1,0,0,0,1,0,0,0,0,0,1,0,0,0,0,0,1,0,0,0,0,0,0,1,0,0,1,1,0,0,0
743,1,21.0,262.375,25,19-24,5,0,BCDEF,0,1,0,1,0,0,0,0,0,0,1,0,0,0,0,1,0,0,0,0,0,0,0,1,1,0,0,1,0,0,0
744,0,24.0,16.1,25,19-24,2,0,AGZ,1,0,0,0,0,0,0,0,0,1,0,0,1,0,0,0,1,0,0,0,0,0,1,0,0,0,1,1,0,0,0
745,1,31.0,7.925,35,29-32,1,0,AGZ,1,0,0,0,0,0,0,0,0,1,0,0,1,0,0,0,1,0,0,0,0,1,0,0,0,0,1,1,0,0,0
746,0,70.0,71.0,70,42-92,3,0,BCDEF,1,0,0,1,0,0,0,0,0,0,1,0,0,0,0,0,0,0,1,0,0,0,0,1,0,0,1,1,0,0,0
747,0,16.0,20.25,20,0-19,3,0,AGZ,1,1,0,0,0,0,0,0,0,1,0,0,1,0,0,0,1,0,0,0,0,0,1,0,0,0,1,0,1,0,0
748,1,30.0,13.0,30,29-32,1,0,AGZ,0,1,0,0,0,0,0,0,0,1,0,1,0,0,0,1,0,0,0,0,0,1,0,0,0,0,1,1,0,0,0
749,0,19.0,53.1,20,0-19,2,0,BCDEF,1,0,0,0,0,1,0,0,0,0,1,0,0,0,0,0,1,0,0,0,0,0,0,1,0,0,1,1,0,0,0
750,0,31.0,7.75,35,29-32,1,0,AGZ,1,0,0,0,0,0,0,0,0,1,0,0,1,0,0,0,1,0,0,0,1,0,0,0,0,1,0,1,0,0,0
751,1,4.0,23.0,5,0-19,3,0,AGZ,0,1,0,0,0,0,0,0,0,1,0,1,0,0,0,1,0,0,0,0,0,0,1,0,0,0,1,0,1,0,0
752,1,6.0,12.475,10,0-19,2,0,BCDEF,1,1,0,0,0,0,1,0,0,0,0,0,1,0,1,0,0,0,0,0,0,1,0,0,0,0,1,0,1,0,0
753,0,33.0,9.5,35,32-42,1,0,AGZ,1,0,0,0,0,0,0,0,0,1,0,0,1,0,0,0,1,0,0,0,0,1,0,0,0,0,1,1,0,0,0
754,0,23.0,7.8958,25,19-24,1,0,AGZ,1,0,0,0,0,0,0,0,0,1,0,0,1,0,0,0,1,0,0,0,1,0,0,0,0,0,1,1,0,0,0
755,1,48.0,65.0,50,42-92,4,1,AGZ,0,1,0,0,0,0,0,0,0,1,0,1,0,0,0,0,0,1,0,0,0,0,0,1,0,0,1,1,0,0,0
756,1,67.0,14.5,70,42-92,3,0,AGZ,1,0,0,0,0,0,0,0,0,1,0,1,0,0,1,0,0,0,0,0,0,0,1,0,0,0,1,1,0,0,0
757,0,28.0,7.7958,30,24-29,1,0,AGZ,1,0,0,0,0,0,0,0,0,1,0,0,1,0,0,0,1,0,0,0,1,0,0,0,0,0,1,1,0,0,0
758,0,18.0,11.5,20,0-19,1,0,AGZ,1,0,0,0,0,0,0,0,0,1,0,1,0,0,0,0,1,0,0,0,0,1,0,0,0,0,1,1,0,0,0
759,0,34.0,8.05,35,32-42,1,0,AGZ,1,0,0,0,0,0,0,0,0,1,0,0,1,0,0,0,1,0,0,0,0,1,0,0,0,0,1,1,0,0,0
760,1,33.0,86.5,35,32-42,1,0,BCDEF,0,1,0,1,0,0,0,0,0,0,1,0,0,1,0,0,0,0,0,0,0,0,0,1,0,0,1,1,0,0,0
761,0,29.0,14.5,30,24-29,1,0,AGZ,1,0,0,0,0,0,0,0,0,1,0,0,1,0,0,0,1,0,0,0,0,0,1,0,0,0,1,1,0,0,0
762,0,41.0,7.125,45,32-42,1,0,AGZ,1,0,0,0,0,0,0,0,0,1,0,0,1,0,0,0,1,0,0,0,1,0,0,0,0,0,1,1,0,0,0
763,1,20.0,7.2292,20,19-24,1,0,AGZ,1,0,0,0,0,0,0,0,0,1,0,0,1,0,0,0,1,0,0,0,1,0,0,0,1,0,0,1,0,0,0
764,1,36.0,120.0,40,32-42,4,1,BCDEF,0,1,0,1,0,0,0,0,0,0,1,0,0,0,0,0,0,1,0,0,0,0,0,1,0,0,1,1,0,0,0
765,0,16.0,7.775,20,0-19,1,0,AGZ,1,1,0,0,0,0,0,0,0,1,0,0,1,0,0,0,1,0,0,0,1,0,0,0,0,0,1,0,1,0,0
766,1,51.0,77.9583,55,42-92,2,0,BCDEF,0,1,0,0,0,1,0,0,0,0,1,0,0,0,0,0,0,1,0,0,0,0,0,1,0,0,1,1,0,0,0
767,0,51.0,39.6,55,42-92,1,0,AGZ,1,0,0,0,0,0,0,0,0,1,1,0,0,0,0,0,0,0,1,0,0,0,0,1,1,0,0,1,0,0,0
768,0,30.5,7.75,35,29-32,1,0,AGZ,0,1,0,0,0,0,0,0,0,1,0,0,1,0,0,1,0,0,0,0,1,0,0,0,0,1,0,1,0,0,0
769,0,29.0,24.15,30,24-29,2,0,AGZ,1,0,0,0,0,0,0,0,0,1,0,0,1,0,0,0,1,0,0,0,0,0,1,0,0,1,0,1,0,0,0
770,0,32.0,8.3625,35,29-32,1,0,AGZ,1,0,0,0,0,0,0,0,0,1,0,0,1,0,0,0,1,0,0,0,0,1,0,0,0,0,1,1,0,0,0
771,0,24.0,9.5,25,19-24,1,0,AGZ,1,0,0,0,0,0,0,0,0,1,0,0,1,0,0,0,1,0,0,0,0,1,0,0,0,0,1,1,0,0,0
772,0,48.0,7.8542,50,42-92,1,0,AGZ,1,0,0,0,0,0,0,0,0,1,0,0,1,0,0,0,1,0,0,0,1,0,0,0,0,0,1,1,0,0,0
773,0,57.0,10.5,60,42-92,1,0,BCDEF,0,1,0,0,0,0,1,0,0,0,0,1,0,0,0,0,0,1,0,0,0,1,0,0,0,0,1,1,0,0,0
774,0,29.0,7.225,30,24-29,1,0,AGZ,1,0,0,0,0,0,0,0,0,1,0,0,1,0,0,0,1,0,0,0,1,0,0,0,1,0,0,1,0,0,0
775,1,54.0,23.0,55,42-92,5,1,AGZ,0,1,0,0,0,0,0,0,0,1,0,1,0,0,0,0,0,1,0,0,0,0,1,0,0,0,1,1,0,0,0
776,0,18.0,7.75,20,0-19,1,0,AGZ,1,0,0,0,0,0,0,0,0,1,0,0,1,0,0,0,1,0,0,0,1,0,0,0,0,0,1,1,0,0,0
777,0,29.0,7.75,30,24-29,1,0,BCDEF,1,0,0,0,0,0,0,1,0,0,0,0,1,0,0,0,1,0,0,0,1,0,0,0,0,1,0,1,0,0,0
778,1,5.0,12.475,5,0-19,1,0,AGZ,0,1,0,0,0,0,0,0,0,1,0,0,1,0,0,1,0,0,0,0,0,1,0,0,0,0,1,0,1,0,0
779,0,29.0,7.7375,30,24-29,1,0,AGZ,1,0,0,0,0,0,0,0,0,1,0,0,1,0,0,0,1,0,0,0,1,0,0,0,0,1,0,1,0,0,0
780,1,43.0,211.3375,45,42-92,2,1,BCDEF,0,1,0,1,0,0,0,0,0,0,1,0,0,0,0,0,0,1,0,0,0,0,0,1,0,0,1,1,0,0,0
781,1,13.0,7.2292,15,0-19,1,0,AGZ,0,1,0,0,0,0,0,0,0,1,0,0,1,0,0,1,0,0,0,0,1,0,0,0,1,0,0,0,1,0,0
782,1,17.0,57.0,20,0-19,2,0,BCDEF,0,1,0,1,0,0,0,0,0,0,1,0,0,0,0,0,0,1,0,0,0,0,0,1,0,0,1,0,1,0,0
783,0,29.0,30.0,30,24-29,1,0,BCDEF,1,0,0,0,0,1,0,0,0,0,1,0,0,0,0,0,1,0,0,0,0,0,1,0,0,0,1,1,0,0,0
784,0,29.0,23.45,30,24-29,4,0,AGZ,1,0,0,0,0,0,0,0,0,1,0,0,1,0,0,0,1,0,0,0,0,0,1,0,0,0,1,1,0,0,0
785,0,25.0,7.05,25,24-29,1,0,AGZ,1,0,0,0,0,0,0,0,0,1,0,0,1,0,0,0,1,0,0,0,1,0,0,0,0,0,1,1,0,0,0
786,0,25.0,7.25,25,24-29,1,0,AGZ,1,0,0,0,0,0,0,0,0,1,0,0,1,0,0,0,1,0,0,0,1,0,0,0,0,0,1,1,0,0,0
787,1,18.0,7.4958,20,0-19,1,0,AGZ,0,1,0,0,0,0,0,0,0,1,0,0,1,0,0,1,0,0,0,0,1,0,0,0,0,0,1,1,0,0,0
788,0,8.0,29.125,10,0-19,6,0,AGZ,1,1,0,0,0,0,0,0,0,1,0,0,1,0,1,0,0,0,0,0,0,0,1,0,0,1,0,0,1,0,0
789,1,1.0,20.575,5,0-19,4,0,AGZ,1,1,0,0,0,0,0,0,0,1,0,0,1,0,1,0,0,0,0,0,0,0,1,0,0,0,1,0,1,0,0
790,0,46.0,79.2,50,42-92,1,0,BCDEF,1,0,0,1,0,0,0,0,0,0,1,0,0,0,0,0,1,0,0,0,0,0,0,1,1,0,0,1,0,0,0
791,0,29.0,7.75,30,24-29,1,0,AGZ,1,0,0,0,0,0,0,0,0,1,0,0,1,0,0,0,1,0,0,0,1,0,0,0,0,1,0,1,0,0,0
792,0,16.0,26.0,20,0-19,1,0,AGZ,1,1,0,0,0,0,0,0,0,1,0,1,0,0,0,0,1,0,0,0,0,0,1,0,0,0,1,0,1,0,0
793,0,22.0,69.55,25,19-24,11,0,AGZ,0,1,0,0,0,0,0,0,0,1,0,0,1,0,0,1,0,0,0,0,0,0,0,1,0,0,1,1,0,0,0
794,0,29.0,30.6958,30,24-29,1,0,AGZ,1,0,0,0,0,0,0,0,0,1,1,0,0,0,0,0,1,0,0,0,0,0,1,0,1,0,0,1,0,0,0
795,0,25.0,7.8958,25,24-29,1,0,AGZ,1,0,0,0,0,0,0,0,0,1,0,0,1,0,0,0,1,0,0,0,1,0,0,0,0,0,1,1,0,0,0
796,0,39.0,13.0,40,32-42,1,0,AGZ,1,0,0,0,0,0,0,0,0,1,0,1,0,0,0,0,1,0,0,0,0,1,0,0,0,0,1,1,0,0,0
797,1,49.0,25.9292,50,42-92,1,0,BCDEF,0,1,0,0,0,1,0,0,0,0,1,0,0,0,0,0,0,0,1,0,0,0,1,0,0,0,1,1,0,0,0
798,1,31.0,8.6833,35,29-32,1,0,AGZ,0,1,0,0,0,0,0,0,0,1,0,0,1,0,0,0,0,1,0,0,0,1,0,0,0,0,1,1,0,0,0
799,0,30.0,7.2292,30,29-32,1,0,AGZ,1,0,0,0,0,0,0,0,0,1,0,0,1,0,0,0,1,0,0,0,1,0,0,0,1,0,0,1,0,0,0
800,0,30.0,24.15,30,29-32,3,1,AGZ,0,1,0,0,0,0,0,0,0,1,0,0,1,0,0,0,0,1,0,0,0,0,1,0,0,0,1,1,0,0,0
801,0,34.0,13.0,35,32-42,1,0,AGZ,1,0,0,0,0,0,0,0,0,1,0,1,0,0,0,0,1,0,0,0,0,1,0,0,0,0,1,1,0,0,0
802,1,31.0,26.25,35,29-32,3,1,AGZ,0,1,0,0,0,0,0,0,0,1,0,1,0,0,0,0,0,1,0,0,0,0,1,0,0,0,1,1,0,0,0
803,1,11.0,120.0,15,0-19,4,0,BCDEF,1,1,0,1,0,0,0,0,0,0,1,0,0,0,1,0,0,0,0,0,0,0,0,1,0,0,1,0,1,0,0
804,1,42.0,8.5167,45,32-42,2,0,AGZ,1,0,0,0,0,0,0,0,0,1,0,0,1,0,1,0,0,0,0,0,0,1,0,0,1,0,0,1,0,0,0
805,1,27.0,6.975,30,24-29,1,0,AGZ,1,0,0,0,0,0,0,0,0,1,0,0,1,0,0,0,1,0,0,0,1,0,0,0,0,0,1,1,0,0,0
806,0,31.0,7.775,35,29-32,1,0,AGZ,1,0,0,0,0,0,0,0,0,1,0,0,1,0,0,0,1,0,0,0,1,0,0,0,0,0,1,1,0,0,0
807,0,39.0,0.0,40,32-42,1,0,AGZ,1,0,1,0,0,0,0,0,0,0,1,0,0,0,0,0,1,0,0,0,1,0,0,0,0,0,1,1,0,0,0
808,0,18.0,7.775,20,0-19,1,0,AGZ,0,1,0,0,0,0,0,0,0,1,0,0,1,0,0,1,0,0,0,0,1,0,0,0,0,0,1,1,0,0,0
809,0,39.0,13.0,40,32-42,1,0,AGZ,1,0,0,0,0,0,0,0,0,1,0,1,0,0,0,0,1,0,0,0,0,1,0,0,0,0,1,1,0,0,0
810,1,33.0,53.1,35,32-42,2,0,BCDEF,0,1,0,0,0,0,1,0,0,0,1,0,0,0,0,0,0,1,0,0,0,0,0,1,0,0,1,1,0,0,0
811,0,26.0,7.8875,30,24-29,1,0,AGZ,1,0,0,0,0,0,0,0,0,1,0,0,1,0,0,0,1,0,0,0,1,0,0,0,0,0,1,1,0,0,0
812,0,39.0,24.15,40,32-42,1,0,AGZ,1,0,0,0,0,0,0,0,0,1,0,0,1,0,0,0,1,0,0,0,0,0,1,0,0,0,1,1,0,0,0
813,0,35.0,10.5,35,32-42,1,0,AGZ,1,0,0,0,0,0,0,0,0,1,0,1,0,0,0,0,1,0,0,0,0,1,0,0,0,0,1,1,0,0,0
814,0,6.0,31.275,10,0-19,7,0,AGZ,0,1,0,0,0,0,0,0,0,1,0,0,1,0,0,1,0,0,0,0,0,0,1,0,0,0,1,0,1,0,0
815,0,30.5,8.05,35,29-32,1,0,AGZ,1,0,0,0,0,0,0,0,0,1,0,0,1,0,0,0,1,0,0,0,0,1,0,0,0,0,1,1,0,0,0
816,0,29.0,0.0,30,24-29,1,0,BCDEF,1,0,0,1,0,0,0,0,0,0,1,0,0,0,0,0,1,0,0,0,1,0,0,0,0,0,1,1,0,0,0
817,0,23.0,7.925,25,19-24,1,0,AGZ,0,1,0,0,0,0,0,0,0,1,0,0,1,0,0,1,0,0,0,0,0,1,0,0,0,0,1,1,0,0,0
818,0,31.0,37.0042,35,29-32,3,0,AGZ,1,0,0,0,0,0,0,0,0,1,0,1,0,0,0,0,1,0,0,0,0,0,0,1,1,0,0,1,0,0,0
819,0,43.0,6.45,45,42-92,1,0,AGZ,1,0,0,0,0,0,0,0,0,1,0,0,1,0,0,0,1,0,0,0,1,0,0,0,0,0,1,1,0,0,0
820,0,10.0,27.9,10,0-19,6,0,AGZ,1,1,0,0,0,0,0,0,0,1,0,0,1,0,1,0,0,0,0,0,0,0,1,0,0,0,1,0,1,0,0
821,1,52.0,93.5,55,42-92,3,1,BCDEF,0,1,0,1,0,0,0,0,0,0,1,0,0,0,0,0,0,1,0,0,0,0,0,1,0,0,1,1,0,0,0
822,1,27.0,8.6625,30,24-29,1,0,AGZ,1,0,0,0,0,0,0,0,0,1,0,0,1,0,0,0,1,0,0,0,0,1,0,0,0,0,1,1,0,0,0
823,0,38.0,0.0,40,32-42,1,0,AGZ,1,0,0,0,0,0,0,0,0,1,1,0,0,0,0,0,0,0,0,1,1,0,0,0,0,0,1,1,0,0,0
824,1,27.0,12.475,30,24-29,2,1,BCDEF,0,1,0,0,0,0,1,0,0,0,0,0,1,0,0,0,0,1,0,0,0,1,0,0,0,0,1,1,0,0,0
825,0,2.0,39.6875,5,0-19,6,0,AGZ,1,1,0,0,0,0,0,0,0,1,0,0,1,0,1,0,0,0,0,0,0,0,0,1,0,0,1,0,1,0,0
826,0,29.0,6.95,30,24-29,1,0,AGZ,1,0,0,0,0,0,0,0,0,1,0,0,1,0,0,0,1,0,0,0,1,0,0,0,0,1,0,1,0,0,0
827,0,29.0,56.4958,30,24-29,1,0,AGZ,1,0,0,0,0,0,0,0,0,1,0,0,1,0,0,0,1,0,0,0,0,0,0,1,0,0,1,1,0,0,0
828,1,1.0,37.0042,5,0-19,3,0,AGZ,1,1,0,0,0,0,0,0,0,1,0,1,0,0,1,0,0,0,0,0,0,0,0,1,1,0,0,0,1,0,0
829,1,29.0,7.75,30,24-29,1,0,AGZ,1,0,0,0,0,0,0,0,0,1,0,0,1,0,0,0,1,0,0,0,1,0,0,0,0,1,0,1,0,0,0
830,1,62.0,80.0,65,42-92,1,0,BCDEF,0,1,0,1,0,0,0,0,0,0,1,0,0,0,0,0,0,1,0,0,0,0,0,1,1,0,0,1,0,1,0
831,1,15.0,14.4542,15,0-19,2,0,AGZ,0,1,0,0,0,0,0,0,0,1,0,0,1,0,0,0,0,1,0,0,0,1,0,0,1,0,0,0,1,0,0
832,1,83.0,18.75,85,42-92,3,0,AGZ,1,0,0,0,0,0,0,0,0,1,0,1,0,0,1,0,0,0,0,0,0,0,1,0,0,0,1,1,0,0,0
833,0,29.0,7.2292,30,24-29,1,0,AGZ,1,0,0,0,0,0,0,0,0,1,0,0,1,0,0,0,1,0,0,0,1,0,0,0,1,0,0,1,0,0,0
834,0,23.0,7.8542,25,19-24,1,0,AGZ,1,0,0,0,0,0,0,0,0,1,0,0,1,0,0,0,1,0,0,0,1,0,0,0,0,0,1,1,0,0,0
835,0,18.0,8.3,20,0-19,1,0,AGZ,1,0,0,0,0,0,0,0,0,1,0,0,1,0,0,0,1,0,0,0,0,1,0,0,0,0,1,1,0,0,0
836,1,39.0,83.1583,40,32-42,3,0,BCDEF,0,1,0,0,0,0,1,0,0,0,1,0,0,0,0,1,0,0,0,0,0,0,0,1,1,0,0,1,0,0,0
837,0,21.0,8.6625,25,19-24,1,0,AGZ,1,0,0,0,0,0,0,0,0,1,0,0,1,0,0,0,1,0,0,0,0,1,0,0,0,0,1,1,0,0,0
838,0,29.0,8.05,30,24-29,1,0,AGZ,1,0,0,0,0,0,0,0,0,1,0,0,1,0,0,0,1,0,0,0,0,1,0,0,0,0,1,1,0,0,0
839,1,32.0,56.4958,35,29-32,1,0,AGZ,1,0,0,0,0,0,0,0,0,1,0,0,1,0,0,0,1,0,0,0,0,0,0,1,0,0,1,1,0,0,0
840,1,29.0,29.7,30,24-29,1,0,BCDEF,1,0,0,0,1,0,0,0,0,0,1,0,0,0,0,0,1,0,0,0,0,0,1,0,1,0,0,1,0,0,0
841,0,20.0,7.925,20,19-24,1,0,AGZ,1,0,0,0,0,0,0,0,0,1,0,0,1,0,0,0,1,0,0,0,0,1,0,0,0,0,1,1,0,0,0
842,0,16.0,10.5,20,0-19,1,0,AGZ,1,1,0,0,0,0,0,0,0,1,0,1,0,0,0,0,1,0,0,0,0,1,0,0,0,0,1,0,1,0,0
843,1,30.0,31.0,30,29-32,1,0,AGZ,0,1,0,0,0,0,0,0,0,1,1,0,0,0,0,1,0,0,0,0,0,0,1,0,1,0,0,1,0,0,0
844,0,34.5,6.4375,35,32-42,1,0,AGZ,1,0,0,0,0,0,0,0,0,1,0,0,1,0,0,0,1,0,0,0,1,0,0,0,1,0,0,1,0,0,0
845,0,17.0,8.6625,20,0-19,1,0,AGZ,1,1,0,0,0,0,0,0,0,1,0,0,1,0,0,0,1,0,0,0,0,1,0,0,0,0,1,0,1,0,0
846,0,42.0,7.55,45,32-42,1,0,AGZ,1,0,0,0,0,0,0,0,0,1,0,0,1,0,0,0,1,0,0,0,1,0,0,0,0,0,1,1,0,0,0
847,0,29.0,69.55,30,24-29,11,0,AGZ,1,0,0,0,0,0,0,0,0,1,0,0,1,0,0,0,1,0,0,0,0,0,0,1,0,0,1,1,0,0,0
848,0,35.0,7.8958,35,32-42,1,0,AGZ,1,0,0,0,0,0,0,0,0,1,0,0,1,0,0,0,1,0,0,0,1,0,0,0,1,0,0,1,0,0,0
849,0,28.0,33.0,30,24-29,2,0,AGZ,1,0,0,0,0,0,0,0,0,1,0,1,0,0,0,0,0,0,0,1,0,0,0,1,0,0,1,1,0,0,0
850,1,35.0,89.1042,35,32-42,2,0,BCDEF,0,1,0,0,1,0,0,0,0,0,1,0,0,0,0,0,0,1,0,0,0,0,0,1,1,0,0,1,0,0,0
851,0,4.0,31.275,5,0-19,7,0,AGZ,1,1,0,0,0,0,0,0,0,1,0,0,1,0,1,0,0,0,0,0,0,0,1,0,0,0,1,0,1,0,0
852,0,74.0,7.775,75,42-92,1,0,AGZ,1,0,0,0,0,0,0,0,0,1,0,0,1,0,0,0,1,0,0,0,1,0,0,0,0,0,1,1,0,0,1
853,0,9.0,15.2458,10,0-19,3,0,AGZ,0,1,0,0,0,0,0,0,0,1,0,0,1,0,0,1,0,0,0,0,0,0,1,0,1,0,0,0,1,0,0
854,1,16.0,39.4,20,0-19,2,0,BCDEF,0,1,0,0,0,1,0,0,0,0,1,0,0,0,0,1,0,0,0,0,0,0,0,1,0,0,1,0,1,0,0
855,0,44.0,26.0,45,42-92,2,0,AGZ,0,1,0,0,0,0,0,0,0,1,0,1,0,0,0,0,0,1,0,0,0,0,1,0,0,0,1,1,0,0,0
856,1,18.0,9.35,20,0-19,2,0,AGZ,0,1,0,0,0,0,0,0,0,1,0,0,1,0,0,0,0,1,0,0,0,1,0,0,0,0,1,1,0,0,0
857,1,45.0,164.8667,45,42-92,3,1,AGZ,0,1,0,0,0,0,0,0,0,1,1,0,0,0,0,0,0,1,0,0,0,0,0,1,0,0,1,1,0,0,0
858,1,51.0,26.55,55,42-92,1,0,BCDEF,1,0,0,0,0,0,1,0,0,0,1,0,0,0,0,0,1,0,0,0,0,0,1,0,0,0,1,1,0,0,0
859,1,24.0,19.2583,25,19-24,4,1,AGZ,0,1,0,0,0,0,0,0,0,1,0,0,1,0,0,0,0,1,0,0,0,0,1,0,1,0,0,1,0,0,0
860,0,29.0,7.2292,30,24-29,1,0,AGZ,1,0,0,0,0,0,0,0,0,1,0,0,1,0,0,0,1,0,0,0,1,0,0,0,1,0,0,1,0,0,0
861,0,41.0,14.1083,45,32-42,3,0,AGZ,1,0,0,0,0,0,0,0,0,1,0,0,1,0,0,0,1,0,0,0,0,1,0,0,0,0,1,1,0,0,0
862,0,21.0,11.5,25,19-24,2,0,AGZ,1,0,0,0,0,0,0,0,0,1,0,1,0,0,0,0,1,0,0,0,0,1,0,0,0,0,1,1,0,0,0
863,1,48.0,25.9292,50,42-92,1,0,BCDEF,0,1,0,0,0,1,0,0,0,0,1,0,0,0,0,0,0,1,0,0,0,0,1,0,0,0,1,1,0,0,0
864,0,22.0,69.55,25,19-24,11,0,AGZ,0,1,0,0,0,0,0,0,0,1,0,0,1,0,0,1,0,0,0,0,0,0,0,1,0,0,1,1,0,0,0
865,0,24.0,13.0,25,19-24,1,0,AGZ,1,0,0,0,0,0,0,0,0,1,0,1,0,0,0,0,1,0,0,0,0,1,0,0,0,0,1,1,0,0,0
866,1,42.0,13.0,45,32-42,1,0,AGZ,0,1,0,0,0,0,0,0,0,1,0,1,0,0,0,0,0,1,0,0,0,1,0,0,0,0,1,1,0,0,0
867,1,27.0,13.8583,30,24-29,2,0,AGZ,0,1,0,0,0,0,0,0,0,1,0,1,0,0,0,1,0,0,0,0,0,1,0,0,1,0,0,1,0,0,0
868,0,31.0,50.4958,35,29-32,1,0,AGZ,1,0,1,0,0,0,0,0,0,0,1,0,0,0,0,0,1,0,0,0,0,0,0,1,0,0,1,1,0,0,0
869,0,29.0,9.5,30,24-29,1,0,AGZ,1,0,0,0,0,0,0,0,0,1,0,0,1,0,0,0,1,0,0,0,0,1,0,0,0,0,1,1,0,0,0
870,1,4.0,11.1333,5,0-19,3,0,AGZ,1,1,0,0,0,0,0,0,0,1,0,0,1,0,1,0,0,0,0,0,0,1,0,0,0,0,1,0,1,0,0
871,0,26.0,7.8958,30,24-29,1,0,AGZ,1,0,0,0,0,0,0,0,0,1,0,0,1,0,0,0,1,0,0,0,1,0,0,0,0,0,1,1,0,0,0
872,1,47.0,52.5542,50,42-92,3,1,BCDEF,0,1,0,0,0,1,0,0,0,0,1,0,0,0,0,0,0,1,0,0,0,0,0,1,0,0,1,1,0,0,0
873,0,33.0,5.0,35,32-42,1,0,BCDEF,1,0,0,1,0,0,0,0,0,0,1,0,0,0,0,0,1,0,0,0,1,0,0,0,0,0,1,1,0,0,0
874,0,47.0,9.0,50,42-92,1,0,AGZ,1,0,0,0,0,0,0,0,0,1,0,0,1,0,0,0,1,0,0,0,0,1,0,0,0,0,1,1,0,0,0
875,1,28.0,24.0,30,24-29,2,0,AGZ,0,1,0,0,0,0,0,0,0,1,0,1,0,0,0,0,0,1,0,0,0,0,1,0,1,0,0,1,0,0,0
876,1,15.0,7.225,15,0-19,1,0,AGZ,0,1,0,0,0,0,0,0,0,1,0,0,1,0,0,1,0,0,0,0,1,0,0,0,1,0,0,0,1,0,0
877,0,20.0,9.8458,20,19-24,1,0,AGZ,1,0,0,0,0,0,0,0,0,1,0,0,1,0,0,0,1,0,0,0,0,1,0,0,0,0,1,1,0,0,0
878,0,19.0,7.8958,20,0-19,1,0,AGZ,1,0,0,0,0,0,0,0,0,1,0,0,1,0,0,0,1,0,0,0,1,0,0,0,0,0,1,1,0,0,0
879,0,29.0,7.8958,30,24-29,1,0,AGZ,1,0,0,0,0,0,0,0,0,1,0,0,1,0,0,0,1,0,0,0,1,0,0,0,0,0,1,1,0,0,0
880,1,56.0,83.1583,60,42-92,2,1,BCDEF,0,1,0,0,1,0,0,0,0,0,1,0,0,0,0,0,0,1,0,0,0,0,0,1,1,0,0,1,0,0,0
881,1,25.0,26.0,25,24-29,2,1,AGZ,0,1,0,0,0,0,0,0,0,1,0,1,0,0,0,0,0,1,0,0,0,0,1,0,0,0,1,1,0,0,0
882,0,33.0,7.8958,35,32-42,1,0,AGZ,1,0,0,0,0,0,0,0,0,1,0,0,1,0,0,0,1,0,0,0,1,0,0,0,0,0,1,1,0,0,0
883,0,22.0,10.5167,25,19-24,1,0,AGZ,0,1,0,0,0,0,0,0,0,1,0,0,1,0,0,1,0,0,0,0,0,1,0,0,0,0,1,1,0,0,0
884,0,28.0,10.5,30,24-29,1,0,AGZ,1,0,0,0,0,0,0,0,0,1,0,1,0,0,0,0,1,0,0,0,0,1,0,0,0,0,1,1,0,0,0
885,0,25.0,7.05,25,24-29,1,0,AGZ,1,0,0,0,0,0,0,0,0,1,0,0,1,0,0,0,1,0,0,0,1,0,0,0,0,0,1,1,0,0,0
886,0,39.0,29.125,40,32-42,6,1,AGZ,0,1,0,0,0,0,0,0,0,1,0,0,1,0,0,0,0,1,0,0,0,0,1,0,0,1,0,1,0,0,0
887,0,27.0,13.0,30,24-29,1,0,AGZ,1,0,0,0,0,0,0,0,0,1,0,1,0,0,0,0,0,0,0,1,0,1,0,0,0,0,1,1,0,0,0
888,1,19.0,30.0,20,0-19,1,0,BCDEF,0,1,0,1,0,0,0,0,0,0,1,0,0,0,0,1,0,0,0,0,0,0,1,0,0,0,1,1,0,0,0
889,0,22.0,23.45,25,19-24,4,0,AGZ,0,1,0,0,0,0,0,0,0,1,0,0,1,0,0,1,0,0,0,0,0,0,1,0,0,0,1,1,0,0,0
890,1,26.0,30.0,30,24-29,1,0,BCDEF,1,0,0,0,1,0,0,0,0,0,1,0,0,0,0,0,1,0,0,0,0,0,1,0,1,0,0,1,0,0,0
891,0,32.0,7.75,35,29-32,1,0,AGZ,1,0,0,0,0,0,0,0,0,1,0,0,1,0,0,0,1,0,0,0,1,0,0,0,0,1,0,1,0,0,0
